l,train_index,test_index,tau_f_rmse,tau_f_se,rmse,se
0.0,134241.0,2837.0,4.8958,3.458,0.7085814219388548,0.5020876315168895
1.0,14118.0,4661.0,5.660200000000001,3.6036,0.8192467968588301,0.6711653141634532
2.0,21471.0,2299.0,1.5834000000000001,1.456,0.9423463790398752,0.8880166980895641
3.0,50150.0,1623.0,4.2952,2.8574,1.1671532017286161,1.3622465963053612
4.0,72405.0,1675.0,3.8402000000000003,2.0020000000000002,0.9108589497390397,0.8296640263197059
5.0,149053.0,4052.0,3.64,3.2032000000000003,0.9052209639050096,0.8194249934931154
6.0,9333.0,1580.0,3.8948,3.6946000000000003,0.6940004141295049,0.4816365748119244
7.0,115938.0,4800.0,5.8604,4.2042,0.9613298920308967,0.9241551613121374
8.0,164825.0,717.0,4.9686,4.7502,0.8393298739746541,0.7044746373463096
9.0,134466.0,4686.0,6.2062,4.732,1.2567686317546534,1.579467393762465
10.0,97596.0,1237.0,4.4408,2.9848000000000003,0.8661985044440546,0.7502998491011167
11.0,42696.0,3995.0,4.5864,1.365,0.7638870581787145,0.5835234376529308
12.0,54732.0,4233.0,7.170800000000001,5.660200000000001,0.602527218905449,0.36303904952193505
13.0,54476.0,1214.0,5.2598,2.4752,0.6737144196045707,0.45389111918312297
14.0,107627.0,669.0,4.6592,3.2032000000000003,0.6464035776518297,0.417837585201085
15.0,13997.0,2171.0,4.186,3.9676,0.7703896442950078,0.5935002040369891
16.0,55423.0,1490.0,5.642,5.2780000000000005,0.8716176598954545,0.7597173450416282
17.0,39886.0,1453.0,4.5864,3.9494000000000002,0.9034716764299866,0.8162610701112104
18.0,13946.0,3721.0,4.0040000000000004,1.9838,0.6655940892544084,0.4430154916504055
19.0,85944.0,3254.0,4.4590000000000005,1.82,0.8123708745778486,0.6599464378623785
20.0,86809.0,1209.0,9.809800000000001,8.372,0.6765349731621971,0.4576995699115748
21.0,2425.0,2218.0,4.277,2.5844,0.7868661298033789,0.6191583062317482
22.0,73693.0,1575.0,4.277,2.73,0.6515893519228736,0.424568683539271
23.0,39464.0,140.0,5.896800000000001,4.4226,0.7431636930876308,0.5522922747236458
24.0,88653.0,4462.0,1.9838,1.8018,0.6116376294724273,0.37410058978665034
25.0,59856.0,244.0,4.368,3.4944,0.8702772966842672,0.7573825731240771
26.0,105994.0,1125.0,5.8786000000000005,4.1314,0.7914779621554023,0.6264373645776685
27.0,71432.0,371.0,1.0010000000000001,0.8736,0.8189658806973672,0.6707051137464145
28.0,131908.0,513.0,4.8048,4.5682,0.7647245289653181,0.5848036052012274
29.0,41911.0,4964.0,5.5692,4.5136,0.8821268679177697,0.7781478111024143
30.0,118922.0,2058.0,4.4226,2.9484000000000004,0.8600564461825696,0.7396970906201911
31.0,117767.0,1762.0,2.2022,2.0566,1.0847875172650836,1.1767639576141447
32.0,12175.0,1246.0,6.042400000000001,4.2224,0.9439032684234566,0.8909533801404845
33.0,174692.0,244.0,4.2588,2.821,0.9672051380280711,0.9354857790279004
34.0,43466.0,2687.0,4.841200000000001,2.1476,0.7243828470319936,0.5247305090741766
35.0,9800.0,4577.0,4.0040000000000004,3.1304000000000003,0.7952429201803278,0.632411302096935
36.0,111039.0,1623.0,4.313400000000001,4.1314,1.1301025606864292,1.277131797670023
37.0,5417.0,354.0,5.7512,4.2588,0.822895549609369,0.6771570855669057
38.0,154531.0,4012.0,6.5884,4.4954,0.7035273114528667,0.49495067796009873
39.0,90367.0,1991.0,5.5328,4.095000000000001,0.7003427192273003,0.4904799243746891
40.0,26252.0,4134.0,0.8554,0.7462000000000001,0.5312365512778351,0.2822122734135676
41.0,57139.0,3379.0,6.006,5.660200000000001,0.7998581767784345,0.6397731029593211
42.0,106071.0,318.0,4.240600000000001,3.9494000000000002,0.8357597446377703,0.6984943507569905
43.0,101373.0,3804.0,4.5318000000000005,3.0940000000000003,0.6860703092691816,0.4706924692607105
44.0,142774.0,1697.0,3.3124000000000002,3.0758,0.8285694501964814,0.6865273337988992
45.0,32383.0,3673.0,4.1496,3.0940000000000003,0.7040753424659805,0.4957220878685875
46.0,29394.0,2012.0,3.3124000000000002,3.1122,0.772298776437196,0.5964454000863906
47.0,159700.0,35.0,3.2032000000000003,2.9848000000000003,1.0501492764077383,1.1028135027396957
48.0,144099.0,1449.0,3.4398,3.2578,0.7052877437503547,0.4974308014844659
49.0,173926.0,881.0,4.768400000000001,3.367,0.7351644059098588,0.5404667037167954
50.0,62642.0,1437.0,4.8048,4.5864,0.7561094303488534,0.5717014706624671
51.0,118230.0,2875.0,4.8594,3.8766000000000003,0.8199527875167071,0.6723225737564182
52.0,1696.0,3489.0,3.2760000000000002,3.0758,0.6989116127999704,0.48847744250665526
53.0,120527.0,3715.0,3.2396000000000003,3.0394,0.6706775103324456,0.44980832286572764
54.0,14803.0,2223.0,4.768400000000001,4.0040000000000004,0.7684690089025692,0.5905446176436964
55.0,80995.0,544.0,2.3478000000000003,2.2022,1.0501762145883642,1.1028700816871462
56.0,46488.0,4342.0,7.534800000000001,5.46,0.7523764682602909,0.5660703499918281
57.0,84074.0,4259.0,3.5308,3.3124000000000002,0.6530541755793587,0.4264797562416367
58.0,118284.0,858.0,4.6592,0.8372,0.857861841377796,0.7359269388921024
59.0,58654.0,3722.0,5.0232,3.6218000000000004,0.7947734425701278,0.6316648250147723
60.0,99401.0,4876.0,4.1314,3.9312,0.7814215201939053,0.6106195922221537
61.0,30494.0,1754.0,3.8766000000000003,3.6946000000000003,0.835954517358341,0.6988199550918176
62.0,9955.0,2720.0,2.6208,2.3842000000000003,0.8493967176721774,0.7214747839922683
63.0,116017.0,4831.0,5.096,4.8048,0.7014612221068055,0.4920478461195728
64.0,150144.0,42.0,4.3316,3.2396000000000003,0.8864861720756788,0.7858577332813903
65.0,37569.0,4922.0,6.1334,2.8756,0.7641565754519286,0.5839352718064198
66.0,162885.0,2289.0,4.0222,3.7856,0.9023751639587159,0.8142809365295186
67.0,100404.0,85.0,3.1122,2.9484000000000004,0.9393702677444359,0.8824164999222529
68.0,5132.0,192.0,4.6046000000000005,3.822,1.0488779837195379,1.100145024731562
69.0,62629.0,1656.0,8.5904,7.098000000000001,0.6592484040032183,0.4346084581807906
70.0,4954.0,4219.0,6.1698,2.1658,0.8066381073830473,0.6506650362825047
71.0,139285.0,2069.0,5.2416,3.1668000000000003,0.6574898649019715,0.43229292244881307
72.0,1889.0,3281.0,4.7138,2.6754000000000002,0.9267816435754573,0.8589242148684264
73.0,87012.0,2825.0,4.9322,3.458,0.7536386207666197,0.5679711707110123
74.0,11239.0,2101.0,4.2042,2.7846,0.753897301316931,0.5683611409329514
75.0,38474.0,3831.0,2.8938,2.73,0.8340356719857115,0.6956155021446583
76.0,143875.0,3475.0,3.9676,1.911,1.0636360792572228,1.1313217090976777
77.0,59917.0,1533.0,4.4044,2.4388,0.8566039635401517,0.7337703503526974
78.0,60592.0,1731.0,6.3518,4.768400000000001,0.5911335456496594,0.34943886879233765
79.0,128189.0,1963.0,4.2952,4.0404,0.7563734286959789,0.5721007636373112
80.0,165039.0,4562.0,4.3316,3.5490000000000004,0.8264846310696728,0.6830768453943742
81.0,26406.0,2598.0,5.2234,3.1304000000000003,0.7191032673606794,0.5171095091288049
82.0,127282.0,2637.0,2.8756,2.7118,0.7131225715895158,0.5085438021104443
83.0,65822.0,1448.0,4.4408,2.9666,0.7919437885551055,0.6271749642310135
84.0,135534.0,4395.0,2.4388,2.275,0.9739918754367842,0.9486601734168646
85.0,157155.0,4544.0,6.0788,5.6966,0.6651136661272717,0.4423761888692597
86.0,85815.0,4949.0,4.4772,4.2042,0.7907745054563191,0.6253243184796857
87.0,7200.0,1101.0,3.4034,3.1122,0.8916067884243157,0.7949626651643222
88.0,160934.0,4165.0,5.969600000000001,4.5318000000000005,0.8919423756978121,0.7955612015654572
89.0,6258.0,4182.0,4.2952,1.4924000000000002,0.5620119260415736,0.315857405012959
90.0,142158.0,4698.0,4.9686,3.5126000000000004,0.6201845938630152,0.384628930465033
91.0,106293.0,3359.0,4.8594,3.8038000000000003,0.8820459451237883,0.7780050493093175
92.0,112665.0,4399.0,3.7128,3.5308,0.9101217279564823,0.8283215596984936
93.0,145671.0,2794.0,3.9676,1.7836,0.8545795409178216,0.7303061917553143
94.0,99953.0,888.0,3.8038000000000003,3.0758,1.0072072006678054,1.0144663450770763
95.0,61397.0,570.0,3.0940000000000003,2.8574,0.9230758124439884,0.8520689555191296
96.0,37711.0,12.0,2.2932,2.0020000000000002,0.8396020007876809,0.7049315197266764
97.0,93935.0,4486.0,4.6046000000000005,2.5844,0.8038073236884665,0.6461062136152151
98.0,64748.0,1173.0,3.185,2.73,0.8117165956343256,0.658883831628179
99.0,127834.0,953.0,4.4590000000000005,4.240600000000001,0.7874665827774558,0.6201036189912039
100.0,147095.0,3586.0,3.5308,3.3488,0.7194389588435859,0.5175924155019425
101.0,124581.0,2512.0,3.2578,3.0758,0.8350131187924756,0.6972469085555372
102.0,54895.0,4385.0,2.3842000000000003,2.1658,0.8620732603544644,0.7431703062181768
103.0,140969.0,625.0,2.4752,2.2568,0.9328293461555897,0.870170589049065
104.0,12817.0,764.0,4.7866,3.2942,0.8176542360584268,0.66855844974429
105.0,144989.0,4167.0,4.986800000000001,3.5854000000000004,0.8185407350328814,0.6700089349081702
106.0,86057.0,1702.0,5.2416,3.2032000000000003,0.784204410917287,0.6149765581021296
107.0,135392.0,4944.0,3.9858000000000002,1.365,0.8763525513910813,0.7679937943296568
108.0,38272.0,890.0,3.5854000000000004,3.1486,0.788271029119092,0.6213712153484724
109.0,11290.0,3235.0,4.841200000000001,3.822,0.8964662897359724,0.8036518086329798
110.0,21536.0,3926.0,2.1294,1.9656,0.8396980647855045,0.7050928400045202
111.0,90486.0,1974.0,5.7330000000000005,5.3872,0.8611448587680451,0.7415704677826364
112.0,66646.0,4673.0,5.3872,5.1688,0.6584083952627179,0.433501614952427
113.0,46955.0,3528.0,3.4944,3.1304000000000003,0.9457701154703783,0.894481111316852
114.0,53761.0,3672.0,2.4752,2.3296,0.8643918688141039,0.7471733028719403
115.0,6746.0,1747.0,4.8958,4.095000000000001,0.7571740943068009,0.573312609089324
116.0,164592.0,3447.0,6.6794,5.096,0.6180176939728032,0.3819458700634614
117.0,137522.0,1818.0,1.365,1.1466,0.6917738226577652,0.47855102171453756
118.0,117725.0,2704.0,4.9504,3.5672,0.8383439261476638,0.7028205385086799
119.0,96717.0,925.0,3.6036,3.3852,0.8033046270603589,0.6452983238565823
120.0,35389.0,3151.0,3.5672,3.367,0.7608727933024418,0.5789274075878601
121.0,104002.0,515.0,2.73,2.5662000000000003,1.0722431066401,1.1497052797372111
122.0,51178.0,3190.0,4.240600000000001,4.0404,0.753812129474112,0.5682327265422952
123.0,56177.0,2666.0,4.914000000000001,3.6582000000000003,0.7862524945173762,0.6181929851347968
124.0,44461.0,4104.0,7.170800000000001,3.2578,0.8322917204456002,0.6927095079222977
125.0,173077.0,1131.0,3.1122,2.8574,0.9232586284263724,0.8524064949637462
126.0,99490.0,966.0,2.6572,2.4752,0.9176541524893739,0.8420891435809906
127.0,57054.0,1962.0,4.3498,2.6026000000000002,0.6843777393399657,0.46837289010408206
128.0,4524.0,306.0,3.64,3.4398,0.8469323951609826,0.7172944819731186
129.0,13084.0,4920.0,4.0586,2.0384,0.8332147631704304,0.6942468415651567
130.0,87886.0,4304.0,4.3316,2.2204,0.6387743472236882,0.40803266667104865
131.0,58265.0,4526.0,1.183,1.0010000000000001,0.6359687259272045,0.40445622035747186
132.0,53939.0,1797.0,3.4216,3.0576000000000003,0.8539894427040672,0.7292979682500025
133.0,137360.0,1517.0,4.641,4.368,0.7198907233408418,0.5182426535521999
134.0,82729.0,4456.0,4.2042,3.4034,0.7630735309882154,0.5822812136948224
135.0,127386.0,3916.0,4.641,4.4590000000000005,1.067407328397628,1.1393584047169614
136.0,93543.0,1645.0,4.7138,3.1486,0.6885408460267725,0.4740884966472636
137.0,6390.0,403.0,3.4944,3.3306,0.9757010172749971,0.9519924751114647
138.0,121394.0,3208.0,4.8048,3.9858000000000002,0.6127376867720145,0.3754474727907195
139.0,74599.0,3656.0,5.3872,1.0374,0.8570160539332843,0.734476516699377
140.0,90438.0,289.0,2.6754000000000002,2.4206000000000003,0.7582724738478129,0.5749771445952822
141.0,140032.0,2238.0,5.4236,3.3306,0.8472109108398056,0.7177663274460129
142.0,110882.0,2229.0,3.8038000000000003,3.5126000000000004,0.6469804722805298,0.4185837315123369
143.0,79705.0,493.0,2.8938,2.73,0.857221716460776,0.7348290711719582
144.0,172339.0,3923.0,3.8584,2.8392,0.8441221448923663,0.7125421954976889
145.0,150800.0,335.0,5.5692,4.6774000000000004,0.7902271185135232,0.6244588988341855
146.0,150823.0,4289.0,2.548,2.3478000000000003,0.6150843501414901,0.3783287577889791
147.0,66608.0,2504.0,4.8048,2.6936,0.617464821397806,0.38126280566382464
148.0,166317.0,2745.0,5.2234,4.4044,0.49480363146295026,0.244830633708923
149.0,117911.0,4467.0,3.1486,2.9666,1.1121793845235144,1.2369429833591037
150.0,39173.0,2317.0,5.1324000000000005,0.6006,0.7652583251537421,0.5856203042171105
151.0,41384.0,157.0,6.2244,4.1132,0.7434237953951515,0.5526789395597312
152.0,1858.0,746.0,4.695600000000001,3.1668000000000003,0.7228299155387471,0.5224830867977523
153.0,130791.0,2162.0,6.2062,4.695600000000001,0.6009593886297793,0.3611521867822776
154.0,142825.0,3825.0,5.7876,3.6764,0.668281529966439,0.4466002032942848
155.0,158035.0,2983.0,4.3862000000000005,2.9302,0.8621992996748159,0.7433876323597431
156.0,20944.0,1626.0,5.4236,3.3488,0.7979577366917828,0.6367365495462728
157.0,52786.0,4006.0,6.7522,5.551,0.7211672321816145,0.5200821767724907
158.0,71294.0,746.0,5.969600000000001,4.5136,0.7903384636216335,0.624634887079804
159.0,100153.0,4554.0,3.7128,3.5308,1.0584763136042834,1.1203721064613137
160.0,106896.0,4466.0,4.8048,3.0940000000000003,0.9601445306585039,0.9218775197534387
161.0,174436.0,4470.0,4.5136,4.1496,0.8951867748515683,0.801359361869152
162.0,39721.0,3449.0,6.6612,5.1142,0.7562282892604946,0.5718812254778538
163.0,160233.0,206.0,3.8038000000000003,2.912,0.8575961972016417,0.735471237454717
164.0,7837.0,738.0,3.1122,2.821,0.7212598363676329,0.5202157515570646
165.0,84735.0,3498.0,5.8786000000000005,5.642,0.5334155433701173,0.2845321419088376
166.0,13801.0,1967.0,4.6774000000000004,4.277,0.8762928367726018,0.7678891357789739
167.0,2798.0,2376.0,1.6380000000000001,1.456,0.601883078367965,0.36226324002569826
168.0,31181.0,859.0,2.912,2.7482,0.8242714857652017,0.6794234822455727
169.0,19648.0,2272.0,5.514600000000001,4.095000000000001,0.7866687529399141,0.6188477268520397
170.0,161152.0,2542.0,0.7644000000000001,0.6734,0.9716477812271634,0.9440994107636709
171.0,92639.0,2641.0,3.7674000000000003,3.5672,0.6128048282409743,0.37552975751545026
172.0,160419.0,681.0,2.8574,2.6754000000000002,0.6261752551669146,0.39209545018335024
173.0,1554.0,446.0,4.167800000000001,3.2942,0.8032012013327617,0.6451321698223922
174.0,107133.0,4623.0,4.3316,3.5308,1.1637291178674956,1.354265459772659
175.0,110857.0,2608.0,4.8048,3.3852,0.8189404144623244,0.6706634024397239
176.0,58405.0,2240.0,1.4742000000000002,1.3104,0.6464385013502255,0.41788273602792486
177.0,155444.0,1787.0,8.608600000000001,8.2264,0.6113339378938794,0.37372918362083746
178.0,19029.0,1129.0,4.0586,0.5824,0.7999048774298069,0.6398478129359941
179.0,15378.0,4953.0,4.9686,4.1314,0.6452705273181562,0.4163740534254512
180.0,9533.0,2558.0,4.167800000000001,3.2760000000000002,1.0122597786673473,1.0246698595076673
181.0,52893.0,4538.0,4.4044,1.8018,0.845301080358388,0.7145339164550586
182.0,144126.0,4815.0,5.7512,4.167800000000001,0.5338741316624033,0.2850215884582854
183.0,116717.0,2064.0,3.458,3.2396000000000003,0.6867976730332324,0.47169104368386283
184.0,132276.0,4020.0,5.9514000000000005,4.2952,0.7840483537467597,0.614731821013004
185.0,170855.0,3683.0,2.5298000000000003,2.3842000000000003,0.8309979425518913,0.6905575805254769
186.0,128968.0,18.0,4.4772,1.7836,0.6837452372381563,0.4675075494458629
187.0,123402.0,1824.0,4.2952,2.8392,0.6591486426797785,0.4344769331465944
188.0,113057.0,2201.0,3.6218000000000004,1.3832,1.005432655921401,1.010894825593164
189.0,36473.0,2555.0,5.642,1.82,0.7267789868543045,0.5282076957329699
190.0,17329.0,162.0,4.6592,1.9656,0.7785131774033057,0.6060827673905907
191.0,139714.0,454.0,4.0768,2.6208,0.6385790075702684,0.4077831489094295
192.0,163221.0,4930.0,4.0404,2.0202,0.9329255610417391,0.8703501024450431
193.0,11547.0,724.0,4.9686,3.5308,0.8477063520401438,0.718606059289208
194.0,30207.0,2199.0,4.8776,2.0384,0.7636249772313896,0.5831231058516397
195.0,99056.0,2830.0,5.4782,4.695600000000001,0.567806620637918,0.3224043584402525
196.0,130911.0,4258.0,2.6936,2.5298000000000003,0.8788234484750668,0.772330653589609
197.0,19330.0,43.0,2.821,2.5662000000000003,0.8122501541773692,0.6597503129611593
198.0,132592.0,4201.0,4.4226,1.7836,1.0608263819369617,1.125352612613466
199.0,112565.0,785.0,2.7664,2.5844,0.8372834366323277,0.701043553258841
200.0,140511.0,1712.0,6.1516,4.0222,0.8553233927583033,0.7315781061995744
201.0,71005.0,4483.0,6.6248000000000005,5.096,0.5117613760897318,0.26189970605725604
202.0,102758.0,1860.0,6.042400000000001,2.7846,0.7168308480062925,0.5138464646534205
203.0,35972.0,2681.0,5.7148,4.2224,0.7732568421744923,0.5979261439696676
204.0,23565.0,972.0,4.9504,2.9484000000000004,0.9190910696314499,0.844728394276283
205.0,122489.0,2696.0,4.0768,3.2942,0.8135682545600572,0.6618933048278981
206.0,25198.0,4511.0,3.5308,3.3488,0.7146534829649127,0.510729600713881
207.0,50121.0,1205.0,6.4064000000000005,6.1516,0.6576716952333601,0.4325320587111216
208.0,12648.0,2739.0,10.2102,1.6926,0.5216103406931567,0.27207734751803103
209.0,36288.0,328.0,4.1496,3.7492,0.7606220897006482,0.5785459633405811
210.0,6017.0,2703.0,3.3124000000000002,3.1304000000000003,1.0772253769272644,1.1604145126960868
211.0,47021.0,4749.0,8.3538,3.185,0.5649154239540327,0.31912943622116463
212.0,120125.0,4211.0,3.9494000000000002,2.9484000000000004,0.9133796817828246,0.8342624430936942
213.0,160704.0,224.0,0.5642,0.4732,0.971817682398695,0.9444296078227707
214.0,170528.0,2561.0,3.3852,3.2032000000000003,0.817760475376309,0.668732195087687
215.0,39010.0,530.0,4.2588,2.821,0.8433048813977725,0.7111631229893125
216.0,99662.0,1712.0,6.0606,4.0040000000000004,0.7938987991641978,0.6302753033143552
217.0,26903.0,2501.0,5.660200000000001,3.6036,0.7585034473156994,0.5753274795898001
218.0,106559.0,4090.0,7.28,5.896800000000001,0.7620163310617776,0.5806688888048525
219.0,157401.0,2211.0,3.9130000000000003,2.2568,0.8235090585920647,0.6781671695831888
220.0,65321.0,937.0,6.188000000000001,3.4944,0.8637466731356818,0.7460583153529576
221.0,54477.0,2584.0,4.2952,0.4914,0.7277313306277674,0.5295928895772609
222.0,30904.0,2939.0,4.1132,2.5844,0.7997654768713754,0.6396248179952989
223.0,70343.0,193.0,2.9484000000000004,2.7664,0.8850278089112256,0.7832742225462038
224.0,165583.0,4259.0,3.5126000000000004,3.3124000000000002,0.5712134639032559,0.3262848213443564
225.0,47457.0,1630.0,4.1132,2.0748,0.823948271145936,0.6788907535243769
226.0,36075.0,398.0,0.9646,0.7644000000000001,0.7334528388162441,0.5379530667676073
227.0,161208.0,3493.0,4.1496,3.2760000000000002,1.3866688617618865,1.922850532180006
228.0,93280.0,3015.0,2.5844,2.3296,0.6382441385958804,0.40735558045199705
229.0,79156.0,4531.0,8.335600000000001,8.099,0.5373775076875967,0.28877458576853304
230.0,134792.0,1008.0,5.1688,4.368,1.0103125678890652,1.0207314848345979
231.0,76020.0,340.0,1.3104,1.1466,0.891172742480502,0.7941888569402196
232.0,64079.0,3938.0,4.313400000000001,2.8392,0.7028893615662212,0.494053454602969
233.0,30129.0,4461.0,4.1132,3.9130000000000003,0.970736172696686,0.9423287169818095
234.0,2134.0,1307.0,7.1344,5.7330000000000005,0.7519179707411009,0.5653806347234146
235.0,163351.0,3242.0,4.732,3.2760000000000002,0.8864972034762533,0.785877291771217
236.0,121454.0,4505.0,3.3124000000000002,3.0576000000000003,0.9481853144391837,0.8990553905181338
237.0,109725.0,3482.0,5.2234,2.0020000000000002,0.8788159533979639,0.7723174799467725
238.0,100706.0,2504.0,4.7866,2.6936,0.5728173326737489,0.32811969661146817
239.0,82451.0,2788.0,4.5682,3.1486,0.6790059400318545,0.46104906659854206
240.0,15808.0,4890.0,5.7148,3.4944,0.6395424663497539,0.4090145662647262
241.0,111752.0,4449.0,2.7482,2.5662000000000003,0.9289861122627809,0.8630151967771161
242.0,65545.0,1321.0,5.587400000000001,5.3508000000000004,0.8608952914334933,0.7411407028123597
243.0,99820.0,3410.0,5.0414,2.2204,0.7604658689430656,0.578308337827332
244.0,103355.0,1571.0,4.5682,2.4570000000000003,0.6602683150907057,0.4359542479127198
245.0,4801.0,682.0,4.095000000000001,2.6572,0.8811810597447198,0.7764800600528272
246.0,166049.0,2409.0,6.570200000000001,5.0232,0.8222521606920153,0.6760986157626876
247.0,34987.0,2183.0,6.2972,5.2780000000000005,0.7414914102066452,0.5498095114102398
248.0,10262.0,1337.0,5.1142,4.2952,0.8301219329774641,0.6891024236102404
249.0,159340.0,482.0,4.641,3.8766000000000003,0.5539342202931511,0.30684312041178147
250.0,65248.0,4467.0,3.185,3.003,1.0606722620734141,1.1250256475319336
251.0,121283.0,761.0,5.551,3.458,0.658103166989133,0.4330997784011265
252.0,2014.0,1768.0,8.099,7.2254000000000005,1.0219129443386914,1.044306065806973
253.0,158651.0,4795.0,5.4054,3.9312,0.7423420708772286,0.5510717501942924
254.0,111852.0,1360.0,4.9322,3.4216,0.6859104176522507,0.47047310104388534
255.0,40851.0,3316.0,3.0394,2.8574,0.6783201294344003,0.46011819799590176
256.0,102896.0,902.0,4.2042,2.7482,0.5781611266473236,0.3342702883661023
257.0,1853.0,1787.0,7.989800000000001,6.8796,0.764892577316953,0.585060654834571
258.0,148067.0,4356.0,3.6582000000000003,2.8756,0.8305783910719432,0.6898604637156575
259.0,157845.0,4380.0,5.096,3.64,0.7521256340744213,0.5656929694318502
260.0,12037.0,4856.0,4.4044,4.2042,0.8207999764431515,0.673712601329078
261.0,126924.0,750.0,7.025200000000001,4.2224,0.9385403142030342,0.8808579213843296
262.0,121946.0,3257.0,2.0384,1.8746,0.9351543218995557,0.8745136057674171
263.0,33708.0,3055.0,5.1142,3.5854000000000004,0.8002673301179215,0.6404277996540664
264.0,42170.0,324.0,2.4752,2.275,0.6660183448295615,0.44358043564950866
265.0,8870.0,4513.0,5.9332,4.6592,0.7381241341609177,0.5448272374308041
266.0,138767.0,3525.0,6.9706,4.3498,0.4425066560987601,0.19581214069170635
267.0,102296.0,3526.0,2.6026000000000002,2.3114,0.8431181619734982,0.7108482350495696
268.0,150521.0,4117.0,3.1668000000000003,2.8028,0.9216164847884282,0.8493769450337794
269.0,41529.0,2363.0,2.6936,2.548,0.9049477018579898,0.8189303430980581
270.0,83922.0,3711.0,5.2052000000000005,1.9474,0.8684550083053861,0.7542141014507083
271.0,110175.0,833.0,2.4570000000000003,2.2932,0.8299317035590308,0.6887866325723951
272.0,86040.0,898.0,5.6056,5.3508000000000004,0.6705028636282834,0.4495740901337279
273.0,172203.0,3779.0,2.4934000000000003,2.1476,0.9076232352319752,0.8237799371329573
274.0,58655.0,4937.0,5.1688,4.3498,0.842969768990636,0.7105980314321267
275.0,36268.0,848.0,4.5318000000000005,3.7674000000000003,0.5845794429170528,0.34173312508121184
276.0,39441.0,669.0,4.7138,3.2578,0.6931832418640819,0.48050300680119845
277.0,42701.0,874.0,3.8766000000000003,3.6764,0.6694635221076893,0.4481814074328326
278.0,163494.0,4274.0,4.4772,4.313400000000001,1.3268655681892787,1.760572236046259
279.0,70365.0,3139.0,3.4944,2.0384,0.8987571621853723,0.8077644365795038
280.0,115863.0,1455.0,4.368,2.9302,0.626221856177845,0.39215381315482545
281.0,47951.0,2871.0,4.9322,3.4762,0.8125200952184226,0.6601889051337537
282.0,6977.0,3348.0,2.6572,2.5116,0.9793057953689096,0.9590398408431325
283.0,79783.0,1614.0,4.8594,3.4034,0.7881423606157412,0.621168380596953
284.0,68336.0,3220.0,5.0778,2.3478000000000003,0.7538173589660905,0.5682406106786118
285.0,130115.0,83.0,4.1496,2.6936,0.7105593472103001,0.5048945859079282
286.0,20973.0,4056.0,3.8402000000000003,3.0212000000000003,0.7545894790021812,0.5694052818207829
287.0,121036.0,974.0,3.6036,3.4398,0.7835597474291202,0.6139658777911865
288.0,173008.0,795.0,4.1496,3.9676,0.7342692039213196,0.5391512638272481
289.0,142957.0,4097.0,4.823,4.6228,0.6843698822703386,0.46836213575871694
290.0,74183.0,4520.0,4.6592,2.0384,0.8398001592006562,0.7052643073934474
291.0,37000.0,2538.0,2.6754000000000002,2.4570000000000003,0.946384533139744,0.8956436845661305
292.0,83279.0,2171.0,4.4044,4.0222,0.8160667586292922,0.6659649545397193
293.0,156898.0,125.0,4.732,2.7118,0.7824519753734258,0.6122310937657758
294.0,4822.0,4876.0,4.0586,2.6390000000000002,0.7702957493325033,0.5933555414397226
295.0,83583.0,2939.0,4.0586,2.5662000000000003,0.8764211091507136,0.7681139605649667
296.0,27239.0,1238.0,4.368,4.186,0.7071326358448953,0.5000365646769492
297.0,48026.0,273.0,4.0586,3.8766000000000003,1.0405486250763256,1.0827414411482321
298.0,86316.0,4816.0,3.4762,3.2942,0.8237233285893704,0.6785201220623521
299.0,30904.0,3148.0,2.6572,2.4934000000000003,0.8612248804099564,0.7417082946371443
300.0,61189.0,1672.0,3.8948,1.82,0.7581167889667175,0.574741065713206
301.0,157556.0,3542.0,4.9504,1.0192,0.7854432140032362,0.6169210424237338
302.0,938.0,927.0,6.8432,5.1324000000000005,0.6209371123258453,0.38556289746355915
303.0,54331.0,2507.0,5.46,3.6946000000000003,1.0257787392273368,1.0522220218508245
304.0,75017.0,628.0,3.185,2.9302,1.025931889269564,1.0525362414202177
305.0,129.0,3533.0,5.296200000000001,3.2396000000000003,0.6641280449753437,0.441066060122772
306.0,16834.0,1225.0,3.6218000000000004,3.4034,0.7655313078162245,0.5860381832468186
307.0,108749.0,4975.0,5.3872,3.3124000000000002,0.9292077577306406,0.8634270570268052
308.0,36796.0,1298.0,4.0586,1.1648,0.8095099633911521,0.6553063808295445
309.0,156859.0,1753.0,3.7674000000000003,3.5490000000000004,0.6304268785936745,0.3974380492533636
310.0,38287.0,852.0,4.8958,4.095000000000001,0.7679830459435958,0.5897979588568033
311.0,157136.0,2129.0,3.5126000000000004,3.3306,0.5963834154114205,0.35567317817779087
312.0,88920.0,231.0,3.9676,3.7310000000000003,0.8898938643699936,0.791911089843361
313.0,120123.0,1489.0,4.0586,3.8766000000000003,0.7928962071612883,0.6286843953307568
314.0,119238.0,645.0,4.6046000000000005,4.0222,0.6153934397095064,0.37870908563749806
315.0,136738.0,4738.0,4.313400000000001,4.1132,0.7172639898991232,0.5144676312060095
316.0,88200.0,1314.0,1.7836,1.5470000000000002,0.7654861911605831,0.5859691088575368
317.0,18122.0,1490.0,6.097,4.0040000000000004,0.7342642796665333,0.5391440323942128
318.0,128981.0,1983.0,4.9686,4.167800000000001,0.8437779592852799,0.711961244575631
319.0,69206.0,4555.0,5.296200000000001,3.8402000000000003,0.7584132713324427,0.5751906901331771
320.0,156735.0,2633.0,2.6390000000000002,2.4752,0.880005935013217,0.7744104456584864
321.0,9145.0,2893.0,0.9828,0.8554,0.9194536017942507,0.8453949258524206
322.0,60914.0,4967.0,4.2042,2.0748,0.8146533221197525,0.6636600352407488
323.0,84506.0,1990.0,3.7674000000000003,2.3296,0.7568487555198838,0.5728200387319966
324.0,163497.0,1860.0,2.8574,2.6572,0.8496662729092506,0.7219327753194978
325.0,117208.0,4751.0,4.0768,3.8584,0.6208536270913434,0.385459226272477
326.0,1520.0,2933.0,3.4398,2.6936,0.8879593011631409,0.7884717205221327
327.0,105451.0,1800.0,12.994800000000001,12.1394,0.3906966812936315,0.15264389677385748
328.0,124171.0,2956.0,4.186,2.7118,0.7209920280665413,0.5198295045355045
329.0,79797.0,3323.0,4.0040000000000004,3.6582000000000003,0.7218913502722212,0.52112712159785
330.0,138903.0,209.0,4.4044,4.2224,0.9979241731953437,0.99585265544761
331.0,166603.0,4569.0,4.095000000000001,2.6390000000000002,0.915626950142951,0.8383727118280819
332.0,45731.0,3092.0,2.8756,2.7118,0.8894133308326594,0.7910560730628459
333.0,157259.0,397.0,4.0040000000000004,2.5844,0.5809290406203123,0.33747855023603657
334.0,13317.0,3461.0,3.7856,3.6036,0.8005863201508207,0.6409384560126322
335.0,14949.0,2241.0,3.9494000000000002,3.6036,0.7720897831913955,0.596122633308537
336.0,15336.0,1891.0,7.5712,6.1516,0.7659808334758126,0.5867266372522999
337.0,65523.0,336.0,3.7492,3.5126000000000004,0.8923811884387273,0.7963441854793161
338.0,84290.0,1548.0,4.914000000000001,3.9494000000000002,0.8514916976085474,0.7250381110962855
339.0,18082.0,4873.0,6.7522,3.4398,0.5270836758846386,0.2778172013840627
340.0,88858.0,1129.0,4.0768,0.5824,0.69941180003244,0.48917686602461785
341.0,43464.0,3197.0,5.642,3.6036,0.681284963020904,0.4641492008383946
342.0,75246.0,2700.0,4.5864,1.9474,0.7593633550646608,0.5766327050150588
343.0,87970.0,2816.0,7.5894,6.188000000000001,0.6764824654419925,0.4576285260504763
344.0,126156.0,267.0,2.6208,2.4206000000000003,0.8483877448408007,0.7197617655960599
345.0,62076.0,4724.0,2.912,2.7482,1.4413567419876847,2.077509257673349
346.0,40721.0,2741.0,4.3498,4.1496,0.8323704458185655,0.6928405590721975
347.0,165623.0,4038.0,5.7330000000000005,3.3852,0.59628166966401,0.3555518295772994
348.0,27020.0,3787.0,3.2214,3.0394,1.087665489282712,1.1830162165765992
349.0,161973.0,2345.0,3.8402000000000003,1.1466,0.7429346624491596,0.5519519126684468
350.0,106529.0,564.0,3.9494000000000002,1.8564,0.7157916764807273,0.5123577241190902
351.0,76264.0,175.0,5.2052000000000005,4.914000000000001,0.8643308875801184,0.7470678832250357
352.0,5912.0,195.0,5.642,4.0768,0.7084562714722865,0.501910288588414
353.0,155690.0,3011.0,3.9130000000000003,3.2942,0.7924765910431484,0.6280191473513693
354.0,12823.0,2776.0,0.7098,0.546,1.0477870271814074,1.0978576543296517
355.0,67856.0,1452.0,5.1324000000000005,4.2952,0.7172120556495152,0.5143931327690026
356.0,35751.0,3351.0,4.8776,2.8938,0.6082308015795698,0.36994470799012547
357.0,148391.0,3822.0,4.6592,2.6026000000000002,0.7769398756071408,0.6036355703084397
358.0,29170.0,519.0,5.0414,3.6218000000000004,0.8302838410274016,0.6893712566712162
359.0,71207.0,3931.0,4.368,2.912,0.6893019395073241,0.4751371638085588
360.0,83089.0,2077.0,1.0556,0.8736,0.76612177537552,0.5869425747045384
361.0,34178.0,4775.0,4.186,3.367,0.8828708220211735,0.7794608883763422
362.0,88463.0,1460.0,5.3508000000000004,4.0586,0.6680390693936298,0.4462761982363068
363.0,72555.0,390.0,4.0404,3.822,0.773765587575872,0.5987131845166345
364.0,114589.0,4360.0,3.6764,2.2204,0.8770368873361637,0.769193701748307
365.0,126187.0,2118.0,4.5682,2.4752,0.6591169963124277,0.43443521482791675
366.0,132328.0,1183.0,2.366,2.2022,0.7463107934134345,0.5569798003653907
367.0,173301.0,2992.0,3.4034,2.6754000000000002,0.6884966452239991,0.47402763048470137
368.0,139029.0,2620.0,4.6774000000000004,3.8584,0.64544923092229,0.41660470969817553
369.0,55697.0,2206.0,4.6592,3.7856,0.7914003240394173,0.6263144728896947
370.0,67510.0,691.0,2.3478000000000003,2.2022,0.8050959761952154,0.6481795308857272
371.0,49136.0,2440.0,4.4590000000000005,3.4944,0.8003758439203792,0.6406014915312584
372.0,91715.0,1578.0,4.3498,4.1496,0.7476127066196139,0.5589247590991048
373.0,172874.0,4014.0,3.9130000000000003,3.7310000000000003,0.7430291729466809,0.5520923518498286
374.0,13890.0,1025.0,4.4226,3.003,0.9101955974707195,0.8284560256550797
375.0,171854.0,2117.0,3.7674000000000003,3.0394,0.8946628962434795,0.8004216979147717
376.0,38202.0,4693.0,4.4954,3.7128,0.8562634120156647,0.7331870307567079
377.0,412.0,1561.0,3.5308,2.9484000000000004,0.9116981536552357,0.8311935233783656
378.0,113616.0,329.0,6.0606,3.9676,0.9013303645140545,0.8123964259950387
379.0,170073.0,4702.0,4.3862000000000005,4.186,0.7971395445152722,0.6354314534300155
380.0,98369.0,1341.0,5.3508000000000004,3.7310000000000003,0.8274942864871908,0.6847467941689445
381.0,2488.0,2568.0,5.587400000000001,4.732,0.6560275172644555,0.43037210340816556
382.0,115408.0,2527.0,5.824,2.4934000000000003,0.8313780844923131,0.6911895193741082
383.0,656.0,2273.0,3.9858000000000002,3.8038000000000003,0.9505779593503162,0.9035984568026132
384.0,47783.0,307.0,3.9494000000000002,3.7310000000000003,0.6737246673381129,0.4539049273798513
385.0,58100.0,1863.0,1.9292,1.7836,0.7742200528931229,0.5994166903018303
386.0,162655.0,2364.0,4.841200000000001,4.5682,0.6785182646092108,0.46038703540829473
387.0,147239.0,276.0,3.0758,2.8392,0.7891789104377247,0.6228033526796747
388.0,116734.0,3416.0,3.4762,3.185,1.9410296912248974,3.76759626221662
389.0,163232.0,2343.0,6.2972,2.4934000000000003,0.8277189060936324,0.6851185875048397
390.0,150424.0,253.0,4.2952,1.9474,0.7628422255483619,0.5819282610795772
391.0,60343.0,4673.0,5.369000000000001,4.5864,0.6455122617540924,0.4166860800748836
392.0,122071.0,1222.0,1.4742000000000002,1.3286,0.7543664524463468,0.5690687445764867
393.0,37193.0,2702.0,4.5682,2.2204,0.6117621105517382,0.3742528799067176
394.0,140062.0,2474.0,4.5864,4.3862000000000005,0.7403259351693455,0.5480824902843661
395.0,33403.0,4591.0,3.1668000000000003,2.9484000000000004,0.6021206049436554,0.3625492228977136
396.0,120926.0,3889.0,6.0606,5.2416,0.7686231670291657,0.5907815728939447
397.0,23794.0,4220.0,4.6228,3.185,0.75678700420151,0.5727265697282963
398.0,21744.0,2732.0,5.4964,1.5288000000000002,0.9125067329611076,0.8326685376993561
399.0,5472.0,4106.0,5.1688,4.8958,0.6141730337870873,0.37720851543123496
400.0,81435.0,2225.0,4.6592,4.4772,1.4633988878322706,2.141536304908728
401.0,149598.0,4023.0,3.7128,3.5126000000000004,0.7918290448622625,0.6269932362874823
402.0,120311.0,4931.0,2.8574,2.6208,1.000934703062697,1.0018702797952088
403.0,14569.0,4750.0,4.6774000000000004,2.6754000000000002,0.7594208799518753,0.5767200729068811
404.0,63356.0,1573.0,5.8058000000000005,4.2588,0.6081193731317137,0.3698091719781085
405.0,17271.0,584.0,2.6390000000000002,2.2386,0.8307273813501667,0.6901079821249059
406.0,121046.0,4463.0,7.5166,5.896800000000001,0.6526442850965092,0.4259445628691341
407.0,28567.0,3071.0,1.8928,1.6744,0.7504808749757148,0.5632215437043151
408.0,19704.0,2927.0,6.3518,3.1122,0.5618706866601049,0.31569866852789763
409.0,43853.0,4866.0,7.098000000000001,5.6784,0.6873060761509366,0.47238964231399694
410.0,72797.0,2209.0,4.313400000000001,1.4742000000000002,1.098357296331115,1.2063887504037967
411.0,91605.0,501.0,4.368,3.5854000000000004,0.8568316115093028,0.7341604104816293
412.0,1885.0,2853.0,2.4024,2.2204,0.901088806306215,0.8119610368503595
413.0,122006.0,1779.0,4.240600000000001,3.8402000000000003,0.8727367761114396,0.7616694803773888
414.0,104961.0,1819.0,5.915,3.8766000000000003,0.8583493248395496,0.7367635634525098
415.0,64817.0,2949.0,1.6016000000000001,1.456,0.7170548684288144,0.5141676843374642
416.0,13415.0,2269.0,4.6046000000000005,2.73,0.6704119042619773,0.4494521213761704
417.0,35410.0,2952.0,5.005,3.003,0.7710137309526891,0.5944621733175857
418.0,11823.0,755.0,4.0222,3.8038000000000003,0.7809371132668989,0.6098627748776373
419.0,154028.0,346.0,2.6390000000000002,2.4206000000000003,1.0432749875922578,1.0884226997356246
420.0,14139.0,1711.0,7.7896,7.5166,0.6777485002605569,0.4593430296054345
421.0,123215.0,3925.0,4.240600000000001,2.821,0.9651668406556125,0.9315470303011355
422.0,69428.0,3680.0,4.6046000000000005,3.6946000000000003,0.7756189019114598,0.6015846810023383
423.0,112528.0,2179.0,4.5682,2.5298000000000003,0.8853105724707145,0.7837748097284256
424.0,123429.0,3421.0,4.9322,3.4944,0.628985812303491,0.3956231520790822
425.0,35415.0,1143.0,5.551,4.1132,0.8573916625707032,0.7351204630457553
426.0,95328.0,2644.0,4.2042,2.7664,0.8048143448937785,0.6477261297468018
427.0,152427.0,3321.0,4.0222,3.6036,0.7918686405495391,0.6270559438857758
428.0,128394.0,4901.0,4.186,2.73,0.9469768230810769,0.8967651034527286
429.0,48739.0,3919.0,4.732,1.4014,0.6599967411882073,0.4355956983790537
430.0,58458.0,3292.0,4.0586,3.2214,0.8908783084403015,0.7936641604494524
431.0,143780.0,1219.0,5.2780000000000005,3.8402000000000003,0.7992256486626333,0.6387616374802074
432.0,47741.0,1314.0,6.570200000000001,1.5834000000000001,0.8696238124580525,0.7562455751940798
433.0,22216.0,2408.0,4.095000000000001,2.5662000000000003,0.7336382857286861,0.5382251342869255
434.0,100208.0,4974.0,5.0232,3.5490000000000004,0.6045120075524675,0.36543476727511476
435.0,169301.0,4999.0,4.1132,2.0202,0.835346699948449,0.697804109114764
436.0,37081.0,1452.0,5.005,2.9302,0.800627700630518,0.6410047150169104
437.0,146451.0,3769.0,2.4206000000000003,2.2568,1.1773001813207733,1.3860357169379247
438.0,127048.0,1644.0,4.641,3.185,0.8367239183621713,0.700106915559346
439.0,132843.0,266.0,5.0414,3.003,0.8078677867278405,0.6526503608325396
440.0,160905.0,3532.0,5.1142,3.1122,0.806584577476676,0.6505786806232281
441.0,58913.0,228.0,2.0020000000000002,1.8564,1.370302836268765,1.8777298630862216
442.0,26120.0,3315.0,1.4742000000000002,1.3104,0.99617472641853,0.992364085555034
443.0,52831.0,23.0,3.3488,2.3296,0.981472516540167,0.9632883007236882
444.0,87107.0,2944.0,6.2972,4.8048,0.876810492267197,0.7687966393498445
445.0,69553.0,2536.0,4.095000000000001,3.8948,0.7391975360871857,0.5464129973573661
446.0,157176.0,4100.0,4.5682,4.368,0.8962331436855345,0.8032338478404566
447.0,137833.0,153.0,2.4024,2.2204,0.8000736650773167,0.6401178695502507
448.0,90515.0,3409.0,5.4964,5.2416,0.7282803426545874,0.5303922574970836
449.0,25942.0,1254.0,3.1304000000000003,2.9666,0.9005603664144376,0.8110089735565055
450.0,96280.0,4231.0,2.8028,2.5116,0.9409819636122824,0.8854470558436269
451.0,62432.0,2572.0,4.1496,3.7128,1.033017198897598,1.0671245332182393
452.0,115077.0,1366.0,4.2042,2.093,1.4521914752033707,2.108860080653341
453.0,57983.0,45.0,5.7512,4.732,0.7615933588603327,0.5800244442601639
454.0,118720.0,4802.0,3.9312,1.911,0.7714957128163231,0.5952056348939668
455.0,135222.0,607.0,2.821,2.6390000000000002,0.9045334276681862,0.8181807217691579
456.0,118326.0,3059.0,5.46,2.0566,0.5055100375972578,0.25554039811158075
457.0,118484.0,1155.0,4.167800000000001,2.0566,0.7834611249959391,0.613811334379903
458.0,163163.0,1390.0,4.4226,2.0748,0.8658429383088062,0.7496839938192273
459.0,34837.0,2388.0,4.5318000000000005,1.1648,0.8518348229985402,0.725622565672954
460.0,57448.0,4050.0,1.82,1.6380000000000001,0.9374956582145945,0.8788981091712147
461.0,47091.0,1622.0,4.4590000000000005,1.7654,1.0406456587429977,1.0829433870606464
462.0,116196.0,4821.0,4.5864,3.185,0.8230907892312842,0.6774784473173782
463.0,140968.0,3896.0,2.7118,2.4024,0.8814357624274786,0.7769290032861109
464.0,127060.0,4086.0,5.4782,4.0768,0.664550311796994,0.4416271169094817
465.0,103210.0,1209.0,10.3922,9.009,0.6093891961082535,0.3713551923334634
466.0,81735.0,3310.0,4.5682,2.4752,0.7998024866845177,0.6396840177067384
467.0,156157.0,2814.0,3.003,2.7482,0.8770143059322187,0.7691540928097723
468.0,123343.0,2013.0,2.548,2.4024,0.9964490273737666,0.9929106641541249
469.0,98004.0,806.0,2.4934000000000003,2.3478000000000003,0.8074070260744088,0.6519061057543212
470.0,85104.0,4665.0,5.824,3.0758,0.6283999434629339,0.3948864889442189
471.0,24197.0,1356.0,2.4388,2.275,0.8169943347893698,0.6674797430779242
472.0,47506.0,4217.0,3.9858000000000002,2.548,0.8485755970073373,0.7200805438363596
473.0,51435.0,3530.0,5.2052000000000005,3.7492,0.8003012000002439,0.6404820107218302
474.0,51906.0,970.0,3.8402000000000003,2.9848000000000003,0.8115887957452917,0.6586763733792932
475.0,162588.0,3482.0,5.4054,5.2234,1.0294107320229635,1.0596864552040532
476.0,68540.0,4995.0,3.2942,3.1304000000000003,0.6781080625901834,0.4598305445498119
477.0,132731.0,1911.0,3.7128,3.458,0.875667455418884,0.7667934924797839
478.0,44161.0,2167.0,3.1668000000000003,2.9848000000000003,0.8611569833216801,0.741591349923697
479.0,169266.0,2773.0,5.642,4.186,0.8602807448234551,0.7400829599139985
480.0,345.0,1496.0,3.8038000000000003,3.5490000000000004,0.9312611665498151,0.8672473603237225
481.0,48007.0,2115.0,6.097,4.5682,0.5457151055171555,0.2978049763895999
482.0,65031.0,2358.0,4.2952,3.4944,0.8886411529196612,0.789683098662385
483.0,3406.0,745.0,5.514600000000001,4.0586,0.6198676465716595,0.3842358992662879
484.0,171937.0,309.0,2.6754000000000002,2.5116,0.6875775972224671,0.472762952202221
485.0,174112.0,3849.0,6.333600000000001,4.8958,0.7033541904925903,0.494707117283487
486.0,41973.0,361.0,4.0404,3.2396000000000003,0.6634958086260266,0.44022668806430476
487.0,97901.0,610.0,4.2224,4.0404,1.003722182465464,1.0074582195732347
488.0,53028.0,1971.0,4.4954,3.7128,0.7913622033632529,0.6262541369119426
489.0,169754.0,4270.0,3.9494000000000002,1.9474,0.7518205905273605,0.5652342003409099
490.0,23961.0,1349.0,6.497400000000001,6.260800000000001,0.5559588345937551,0.3090902257628462
491.0,49330.0,4858.0,4.240600000000001,2.8028,0.6686831842405309,0.44713720088605524
492.0,102272.0,3309.0,5.1142,1.8018,0.6774016841951721,0.45887304175045573
493.0,169648.0,3197.0,5.096,3.6036,0.8310280374946964,0.6906075991022869
494.0,128248.0,4563.0,3.2760000000000002,3.0940000000000003,0.6971414914128442,0.4860062590493247
495.0,133726.0,4876.0,4.095000000000001,3.9130000000000003,0.6852196305027639,0.46952594202634446
496.0,161732.0,301.0,4.5318000000000005,4.1496,0.7548462657099627,0.5697928848562759
497.0,89715.0,1473.0,3.7310000000000003,3.5490000000000004,0.6679048082435036,0.44609683287479157
498.0,144484.0,4599.0,4.240600000000001,2.6936,0.6593519039921784,0.43474493329811087
499.0,37983.0,1502.0,2.6390000000000002,2.4570000000000003,0.8677225113588847,0.7529423567189701
