epoch,loss,change,lr,time
0,138108.745078125,,0.0001,1.216369390487671
1,104459.148671875,-0.2436456604338501,0.0001,1.2148783206939697
2,78885.1847265625,-0.24482263421124487,0.0001,1.1998648643493652
3,60558.0520703125,-0.2323266747714013,0.0001,1.1960604190826416
4,47348.6290234375,-0.21812826858330678,0.0001,1.2768352031707764
5,37505.6166015625,-0.20788378934905852,0.0001,1.3669288158416748
6,30053.636171875,-0.19868971916534348,0.0001,1.3671226501464844
7,24321.158125,-0.19074157995695729,0.0001,1.2014102935791016
8,19896.5401171875,-0.18192464294142255,0.0001,1.2157206535339355
9,16444.309326171875,-0.17350910111419,0.0001,1.2275018692016602
10,13708.6214453125,-0.16636076508883244,0.0001,1.1983253955841064
11,11492.52748046875,-0.1616569524283943,0.0001,1.2114908695220947
12,9674.279526367187,-0.1582113209815359,0.0001,1.2186431884765625
13,8179.028188476563,-0.15455945156591003,0.0001,1.2042129039764404
14,6932.789477539062,-0.15237002272388875,0.0001,1.24420166015625
15,5887.26203125,-0.15080905740414804,0.0001,1.3434529304504395
16,5012.591069335937,-0.14857007506566686,0.0001,1.5459256172180176
17,4277.021672363281,-0.14674434574813694,0.0001,1.2258343696594238
18,3655.38451171875,-0.14534346754924052,0.0001,1.2352211475372314
19,3129.169279785156,-0.14395619126978504,0.0001,1.2351572513580322
20,2681.9692028808595,-0.14291335396690352,0.0001,1.1862385272979736
21,2300.6949462890625,-0.14216205621684547,0.0001,1.192373275756836
22,1976.9288696289063,-0.14072533917735555,0.0001,1.1894547939300537
23,1703.31126953125,-0.13840538438240205,0.0001,1.213407039642334
24,1468.2889715576173,-0.13797965303095228,0.0001,1.2019069194793701
25,1268.284956665039,-0.13621570328925528,0.0001,1.3215370178222656
26,1100.3479705810546,-0.13241266105179986,0.0001,1.537165641784668
27,956.1951104736328,-0.13100661241852413,0.0001,1.3150277137756348
28,831.2316687011719,-0.1306882250324023,0.0001,1.2158284187316895
29,725.3799035644531,-0.12734327759927122,0.0001,1.1953787803649902
30,634.9186083984375,-0.12470885217731664,0.0001,1.1976609230041504
31,557.096937866211,-0.12256952230228267,0.0001,1.2110860347747803
32,489.7267965698242,-0.12093073344547077,0.0001,1.2227365970611572
33,431.6649217224121,-0.11855972606378255,0.0001,1.2236180305480957
34,381.4302731323242,-0.1163741737216997,0.0001,1.2136213779449463
35,337.86567840576174,-0.11421378373774023,0.0001,1.2721614837646484
36,299.99323120117185,-0.11209320633955236,0.0001,1.3694260120391846
37,267.01267959594725,-0.10993765250359347,0.0001,1.3666980266571045
38,238.21493064880372,-0.10785161585105724,0.0001,1.1988375186920166
39,212.98654586791992,-0.10590597622143838,0.0001,1.1962757110595703
40,190.81198936462403,-0.1041124753346959,0.0001,1.209289312362671
41,171.25809379577638,-0.10247728999608074,0.0001,1.2055394649505615
42,153.9653122329712,-0.10097497396780937,0.0001,1.297811508178711
43,138.63184886932373,-0.09959037617801715,0.0001,1.430295705795288
44,125.00244495391846,-0.09831365610836322,0.0001,1.3803162574768066
45,112.86463747024536,-0.09710056061821545,0.0001,1.2901017665863037
46,102.03911024093628,-0.0959160235832328,0.0001,1.5928757190704346
47,92.37131128311157,-0.09474601390581477,0.0001,1.2577455043792725
48,83.72460926055908,-0.09360809002755148,0.0001,1.186002254486084
49,75.97973169326782,-0.09250419483223203,0.0001,1.2068307399749756
50,69.03277916908264,-0.09143165380249313,0.0001,1.201141357421875
51,62.79356699943543,-0.09038042861298479,0.0001,1.2161023616790771
52,57.18378197193146,-0.08933693840890429,0.0001,1.1950340270996094
53,52.13646809577942,-0.08826477896529303,0.0001,1.2030916213989258
54,47.593218069076535,-0.08714149984913676,0.0001,1.2110390663146973
55,43.50012113571167,-0.08600168468171586,0.0001,1.3089416027069092
56,39.808193542957305,-0.08487166233942872,0.0001,1.4038074016571045
57,36.473549919128416,-0.08376777057794524,0.0001,1.337864637374878
58,33.45669485807419,-0.08271350246256265,0.0001,1.2177679538726807
59,30.722347671985627,-0.08172795303564401,0.0001,1.2008917331695557
60,28.23923323750496,-0.0808243712685054,0.0001,1.2145729064941406
61,25.98020987033844,-0.0799959173171272,0.0001,1.196659803390503
62,23.921836534738542,-0.07922851069613339,0.0001,1.2014951705932617
63,22.043437941074373,-0.07852234049573985,0.0001,1.2438836097717285
64,20.326471347808837,-0.07789014571389731,0.0001,1.199716329574585
65,18.754960860013963,-0.07731349238658096,0.0001,1.2599754333496094
66,17.31466826081276,-0.07679528685511378,0.0001,1.461294412612915
67,15.993257449269295,-0.07631742009947329,0.0001,1.4316647052764893
68,14.780041568279266,-0.07585795982077805,0.0001,1.1955981254577637
69,13.665477441549301,-0.07541008065376677,0.0001,1.194380521774292
70,12.64102192401886,-0.0749666831555865,0.0001,1.1905415058135986
71,11.698963653445244,-0.07452390132981551,0.0001,1.2046818733215332
72,10.8322155636549,-0.074087595744867,0.0001,1.201828956604004
73,10.034316707849502,-0.07365980219989075,0.0001,1.2101154327392578
74,9.299394733309747,-0.07324085893809304,0.0001,1.2144861221313477
75,8.622092433571815,-0.07283294441861732,0.0001,1.205185890197754
76,7.997709793448448,-0.07241660245861094,0.0001,1.338393211364746
77,7.422011359333992,-0.07198291123116962,0.0001,1.3901724815368652
78,6.8912097775936125,-0.07151721494913081,0.0001,1.281679391860962
79,6.401606602072715,-0.07104749257711103,0.0001,1.2052438259124756
80,5.949445090889931,-0.07063250513338062,0.0001,1.240405797958374
81,5.531469822227955,-0.07025449639025995,0.0001,1.2008979320526123
82,5.146341607272625,-0.06962493285377967,0.0001,1.199028491973877
83,4.791124561727047,-0.06902321545145734,0.0001,1.1941874027252197
84,4.460902357697487,-0.06892373591525365,0.0001,1.2041010856628418
85,4.1717049583792685,-0.06482934978820937,0.0001,1.2131149768829346
86,3.8828979778289794,-0.06922996315216219,0.0001,1.3220715522766113
87,3.628426800966263,-0.06553640562170976,0.0001,1.5264346599578857
88,3.3774996921420097,-0.0691558966429832,0.0001,1.3033390045166016
89,3.150261718630791,-0.06727993907442953,0.0001,1.1838209629058838
90,2.9299271324276925,-0.06994167655976949,0.0001,1.2068605422973633
91,2.731934731006622,-0.0675758790141026,0.0001,1.203251600265503
92,2.550679533779621,-0.066346825628669,0.0001,1.2022695541381836
93,2.3828338503837587,-0.06580430084337056,0.0001,1.188460350036621
94,2.2278837805986402,-0.06502764335002358,0.0001,1.214460849761963
95,2.08201853454113,-0.06547255621130989,0.0001,1.204972267150879
96,1.9483112892508507,-0.0642200072055305,0.0001,1.259042501449585
97,1.8250710135698318,-0.06325492048470668,0.0001,1.5437653064727783
98,1.7235078418254852,-0.05564888762639949,0.0001,1.5073931217193604
99,1.6262952667474746,-0.05640390645107023,0.0001,1.2065823078155518
100,1.5224575978517532,-0.06384921054550728,0.0001,1.1910831928253174
101,1.4360257595777512,-0.056771261410472514,0.0001,1.2012124061584473
102,1.3769910189509391,-0.04110980616682718,0.0001,1.190955400466919
103,1.288769262433052,-0.06406850538872713,0.0001,1.1856153011322021
104,1.1902026438713074,-0.07648119910592988,0.0001,1.219341516494751
105,1.1195519599318504,-0.05936021424860502,0.0001,1.2075049877166748
106,1.0615675961971283,-0.051792472176326494,0.0001,1.2438054084777832
107,0.9934310886263847,-0.06418480350646544,0.0001,1.3544824123382568
108,0.9339193996787071,-0.0599052009032296,0.0001,1.4592862129211426
109,0.8847254371643066,-0.05267474102296672,0.0001,1.2014949321746826
110,0.8487388995289803,-0.04067537353811056,0.0001,1.2105050086975098
111,0.7998961681127548,-0.057547417048201155,0.0001,1.2539291381835938
112,0.7590794487297535,-0.05102752208365079,0.0001,1.2070181369781494
113,0.7221131418645382,-0.048698864034686824,0.0001,1.2089276313781738
114,0.7151907742023468,-0.009586264618197497,0.0001,1.1900131702423096
115,0.6734839715063572,-0.05831563297569832,0.0001,1.1855697631835938
116,0.6416234290599823,-0.04730705375974072,0.0001,1.2026677131652832
117,0.6128328666090965,-0.04487143259881529,0.0001,1.310840368270874
118,0.6004895776510238,-0.020141362564919375,0.0001,1.3965215682983398
119,0.562286972105503,-0.06361909842792034,0.0001,1.3470256328582764
120,0.5269682455062866,-0.06281263545367986,0.0001,1.199126958847046
121,0.5073631663620471,-0.03720353040514582,0.0001,1.2118756771087646
122,0.4860782362520695,-0.04195206022265528,0.0001,1.2033801078796387
123,0.46234277173876764,-0.048830543610253595,0.0001,1.2274889945983887
124,0.43684624791145327,-0.05514636625858269,0.0001,1.2076325416564941
125,0.4163539877533913,-0.046909548281654646,0.0001,1.203270673751831
126,0.40789232224225996,-0.020323248389644825,0.0001,1.188115119934082
127,0.3906704148650169,-0.04222170028249373,0.0001,1.2652297019958496
128,0.3807355350255966,-0.025430335805830047,0.0001,1.444016933441162
129,0.3629207430779934,-0.04679046295588232,0.0001,1.39457368850708
130,0.36407946079969405,0.003192756941566333,0.0001,1.184211254119873
131,0.3369266614317894,-0.07457932207508772,9e-05,1.2061781883239746
132,0.31401755347847937,-0.0679943458791787,9e-05,1.2279586791992188
133,0.30587326183915137,-0.025935784637230987,9e-05,1.206043004989624
134,0.2924001331627369,-0.04404807597566195,9e-05,1.2093915939331055
135,0.2805297449231148,-0.04059638452016566,9e-05,1.2008838653564453
136,0.26735675886273386,-0.04695753765430921,9e-05,1.19877028465271
137,0.26949446320533754,0.007995699647530604,9e-05,1.2034971714019775
138,0.25371692135930063,-0.05854495731890208,8.1e-05,1.3449985980987549
139,0.24742706924676894,-0.02479082624380552,8.1e-05,1.399505615234375
140,0.2371326743066311,-0.0416057748712645,8.1e-05,1.3146297931671143
141,0.23654173955321312,-0.0024920005441926457,8.1e-05,1.1848304271697998
142,0.2270584787428379,-0.04009127872437001,8.1e-05,1.2054927349090576
143,0.21881678059697152,-0.036297689438855016,8.1e-05,1.1971192359924316
144,0.22008759006857873,0.005807641754623264,8.1e-05,1.204831600189209
145,0.21449585124850273,-0.025406879226282684,7.290000000000001e-05,1.1957454681396484
146,0.21330668061971664,-0.005544026245096882,7.290000000000001e-05,1.193589210510254
147,0.19973598584532737,-0.06362058016637143,7.290000000000001e-05,1.2123668193817139
148,0.20603536695241928,0.03153853863855089,7.290000000000001e-05,1.2722692489624023
149,0.1928512964397669,-0.06398935633073638,6.561000000000002e-05,1.3787052631378174
150,0.18071326091885567,-0.06293986996712923,6.561000000000002e-05,1.3874742984771729
151,0.17830778405070305,-0.013311014675523652,6.561000000000002e-05,1.208310604095459
152,0.17664487726986408,-0.009326047035423364,6.561000000000002e-05,1.2063853740692139
153,0.17085559844970702,-0.03277354492036958,6.561000000000002e-05,1.2027995586395264
154,0.1653364621847868,-0.032302928993835946,6.561000000000002e-05,1.1961781978607178
155,0.16615518130362034,0.004951836443182846,6.561000000000002e-05,1.193516492843628
156,0.16053662158548831,-0.03381513398528969,5.904900000000002e-05,1.2279698848724365
157,0.15774024240672588,-0.017418948718023946,5.904900000000002e-05,1.2036406993865967
158,0.15331342980265616,-0.02806393940143304,5.904900000000002e-05,1.1991384029388428
159,0.15521859370172023,0.012426594992469822,5.904900000000002e-05,1.3920514583587646
160,0.14555986993014813,-0.06222658987706734,5.314410000000002e-05,1.4032385349273682
161,0.147013892903924,0.009989174725654998,5.314410000000002e-05,1.3366858959197998
162,0.1367504195868969,-0.06981294838396289,4.782969000000002e-05,1.2330307960510254
163,0.13518653079867363,-0.011436080364122888,4.782969000000002e-05,1.2082867622375488
164,0.13300690203905105,-0.01612312074838717,4.782969000000002e-05,1.2132244110107422
165,0.1313334197551012,-0.012581920624378594,4.782969000000002e-05,1.2119286060333252
166,0.1294437874853611,-0.014388053499739352,4.782969000000002e-05,1.19801664352417
167,0.12790667414665222,-0.011874755587499375,4.782969000000002e-05,1.1978590488433838
168,0.1269689030200243,-0.007331682516838012,4.782969000000002e-05,1.1935715675354004
169,0.12561931662261486,-0.010629267208811032,4.782969000000002e-05,1.3634991645812988
170,0.12498925551772118,-0.00501563869183038,4.782969000000002e-05,1.4482932090759277
171,0.12386837430298328,-0.008967820554615416,4.782969000000002e-05,1.3804938793182373
172,0.12438615761697293,0.004180109062569469,4.782969000000002e-05,1.2066545486450195
173,0.11899374723434449,-0.04335217427676719,4.304672100000002e-05,1.2106242179870605
174,0.12039987161755562,0.011816792191962305,4.304672100000002e-05,1.1886546611785889
175,0.11266840383410454,-0.06421491717208572,3.874204890000002e-05,1.1839900016784668
176,0.11244348339736461,-0.0019963044570250883,3.874204890000002e-05,1.1946642398834229
177,0.109480005428195,-0.0263552664826023,3.874204890000002e-05,1.1978404521942139
178,0.10926199972629547,-0.0019912832580421813,3.874204890000002e-05,1.2004427909851074
179,0.1074068596959114,-0.016978821868822117,3.874204890000002e-05,1.182347297668457
180,0.1072168854624033,-0.0017687346417720729,3.874204890000002e-05,1.4033229351043701
181,0.10600359924137592,-0.011316186026060441,3.874204890000002e-05,1.44207763671875
182,0.10620577298104764,0.0019072346705072925,3.874204890000002e-05,1.257558822631836
183,0.10094783432781697,-0.04950708898064274,3.4867844010000016e-05,1.2085583209991455
184,0.1001569838821888,-0.007834248757234052,3.4867844010000016e-05,1.2000014781951904
185,0.09910185694694519,-0.010534731521914814,3.4867844010000016e-05,1.1945083141326904
186,0.09838292546570301,-0.007254470333760362,3.4867844010000016e-05,1.2114624977111816
187,0.09774660028517246,-0.0064678416251444295,3.4867844010000016e-05,1.193208932876587
188,0.0970677936822176,-0.006944554603172499,3.4867844010000016e-05,1.1918449401855469
189,0.09698673315346241,-0.0008350919051540805,3.4867844010000016e-05,1.2126035690307617
190,0.09622061468660831,-0.007899208911819677,3.4867844010000016e-05,1.325256109237671
191,0.09612554781138898,-0.0009880094357011362,3.4867844010000016e-05,1.5096187591552734
192,0.09563358344137668,-0.005117935670729234,3.4867844010000016e-05,1.2465558052062988
193,0.09596663847565651,0.0034826158583087107,3.4867844010000016e-05,1.2177484035491943
194,0.09119269333779811,-0.049745882670146686,3.138105960900002e-05,1.2268269062042236
195,0.09055595725774765,-0.006982314665187619,3.138105960900002e-05,1.1981987953186035
196,0.08888193227350712,-0.018486083466334388,3.138105960900002e-05,1.1927294731140137
197,0.08831293441355229,-0.006401726935952668,3.138105960900002e-05,1.2134885787963867
198,0.08716142483055592,-0.013038968647605719,3.138105960900002e-05,1.2190687656402588
199,0.08732250437140465,0.0018480599779303534,3.138105960900002e-05,1.4291009902954102
200,0.08398447100073099,-0.038226496075698474,2.8242953648100018e-05,1.6676874160766602
201,0.08324958197772503,-0.008750296504214028,2.8242953648100018e-05,1.4960048198699951
202,0.08231511250138283,-0.011224914938218306,2.8242953648100018e-05,1.2010509967803955
203,0.08221009876579047,-0.001275752804086876,2.8242953648100018e-05,1.2165164947509766
204,0.08152595646679402,-0.008321876621818861,2.8242953648100018e-05,1.2062435150146484
205,0.08091595888137817,-0.007482249971078809,2.8242953648100018e-05,1.1979990005493164
206,0.08048693295568228,-0.005302117550443187,2.8242953648100018e-05,1.2015187740325928
207,0.080693500302732,0.002566470599189725,2.8242953648100018e-05,1.184507131576538
208,0.07815994963049888,-0.031397208730916025,2.5418658283290016e-05,1.2084741592407227
209,0.07773806888610124,-0.005397658857152304,2.5418658283290016e-05,1.292168378829956
210,0.07706107296049595,-0.00870867948362847,2.5418658283290016e-05,1.5806059837341309
211,0.07707879994064569,0.00023003806550711114,2.5418658283290016e-05,1.3159260749816895
212,0.07519360914826394,-0.0244579676102046,2.2876792454961016e-05,1.2212903499603271
213,0.07471816983073949,-0.006322868697351552,2.2876792454961016e-05,1.2066690921783447
214,0.07397565457969904,-0.00993754601755484,2.2876792454961016e-05,1.1946253776550293
215,0.07370620679110289,-0.0036423846483961578,2.2876792454961016e-05,1.2101161479949951
216,0.0732139652222395,-0.006678427642579621,2.2876792454961016e-05,1.2263970375061035
217,0.0727036153152585,-0.00697066338958477,2.2876792454961016e-05,1.1925489902496338
218,0.07226178027689457,-0.006077208629144961,2.2876792454961016e-05,1.2368340492248535
219,0.07212100151926279,-0.0019481772673236822,2.2876792454961016e-05,1.3099040985107422
220,0.07168394353240728,-0.006060065412968107,2.2876792454961016e-05,1.5364294052124023
221,0.07134653948247432,-0.004706828800237873,2.2876792454961016e-05,1.36668062210083
222,0.07096133179962635,-0.005399108150754728,2.2876792454961016e-05,1.232762336730957
223,0.07083079021424055,-0.001839615774890157,2.2876792454961016e-05,1.2017583847045898
224,0.07091909158974886,0.0012466524126193475,2.2876792454961016e-05,1.1970651149749756
225,0.06903574515134096,-0.026556268505279798,2.0589113209464913e-05,1.1999478340148926
226,0.0686702461540699,-0.005294344204872592,2.0589113209464913e-05,1.213444471359253
227,0.06776195932179689,-0.013226788647810562,2.0589113209464913e-05,1.2503254413604736
228,0.0674803850054741,-0.004155344962586117,2.0589113209464913e-05,1.2355303764343262
229,0.06703294672071934,-0.006630642144653726,2.0589113209464913e-05,1.2952280044555664
230,0.06663017950952053,-0.006008496282833329,2.0589113209464913e-05,1.4386389255523682
231,0.06623245991766452,-0.005969060788725396,2.0589113209464913e-05,1.4151020050048828
232,0.0661006773635745,-0.0019896974120218926,2.0589113209464913e-05,1.2272064685821533
233,0.06569250319153071,-0.006175037659579597,2.0589113209464913e-05,1.2549335956573486
234,0.06544147927314042,-0.0038211958167952156,2.0589113209464913e-05,1.224700689315796
235,0.06496501252055169,-0.007280806575292309,2.0589113209464913e-05,1.2217798233032227
236,0.06516013361513615,0.003003479673350809,2.0589113209464913e-05,1.2198245525360107
237,0.06362818453460932,-0.02351052699761449,1.8530201888518422e-05,1.2295055389404297
238,0.06343910343945026,-0.0029716562957443475,1.8530201888518422e-05,1.2270524501800537
239,0.06265057295560837,-0.012429723011368046,1.8530201888518422e-05,1.2554664611816406
240,0.06254229076206684,-0.0017283512094654835,1.8530201888518422e-05,1.4657018184661865
241,0.06216563995927572,-0.006022337816566895,1.8530201888518422e-05,1.4398632049560547
242,0.061953240409493446,-0.0034166711694984357,1.8530201888518422e-05,1.230839729309082
243,0.06154036335647106,-0.006664333460096409,1.8530201888518422e-05,1.236867904663086
244,0.061506436467170716,-0.0005512949136134374,1.8530201888518422e-05,1.2212018966674805
245,0.061170299872756004,-0.0054650637188861815,1.8530201888518422e-05,1.2289695739746094
246,0.06098290853202343,-0.003063436686143113,1.8530201888518422e-05,1.2460792064666748
247,0.0606209509447217,-0.005935393965534777,1.8530201888518422e-05,1.2459132671356201
248,0.060640602335333825,0.0003241682999999113,1.8530201888518422e-05,1.198775291442871
249,0.05959333028644323,-0.017270145885084232,1.667718169966658e-05,1.1906871795654297
250,0.05932402227073908,-0.004519096590334598,1.667718169966658e-05,1.4540917873382568
251,0.05877454031258821,-0.009262385406761175,1.667718169966658e-05,1.5352063179016113
252,0.058562036678195,-0.003615572886883145,1.667718169966658e-05,1.3492584228515625
253,0.058331592939794064,-0.003935036270463898,1.667718169966658e-05,1.2113568782806396
254,0.05803039465099573,-0.005163553292796436,1.667718169966658e-05,1.2086341381072998
255,0.057829331532120706,-0.0034647897896309117,1.667718169966658e-05,1.222689151763916
256,0.0575991989299655,-0.003979513441675939,1.667718169966658e-05,1.206573724746704
257,0.05741349071264267,-0.0032241458348861336,1.667718169966658e-05,1.255786657333374
258,0.05713198956102133,-0.004903048884978462,1.667718169966658e-05,1.1863832473754883
259,0.056998697519302366,-0.002333054436632137,1.667718169966658e-05,1.195523738861084
260,0.0567837181314826,-0.0037716543916984173,1.667718169966658e-05,1.4901492595672607
261,0.056593367904424666,-0.003352197307988501,1.667718169966658e-05,1.5476984977722168
262,0.0563533841446042,-0.004240492635563749,1.667718169966658e-05,1.1877453327178955
263,0.05620998661965132,-0.0025446124865353527,1.667718169966658e-05,1.214050531387329
264,0.0560324652493,-0.0031581820424994825,1.667718169966658e-05,1.192216396331787
265,0.05581462450325489,-0.003887759445812228,1.667718169966658e-05,1.204610824584961
266,0.05562731683254242,-0.0033558887545959626,1.667718169966658e-05,1.1935110092163086
267,0.055422541089355945,-0.00368120834954023,1.667718169966658e-05,1.186328411102295
268,0.05525820478796959,-0.0029651527727933007,1.667718169966658e-05,1.1865766048431396
269,0.05506106689572334,-0.00356757685130532,1.667718169966658e-05,1.1893503665924072
270,0.05484170019626618,-0.00398406191206954,1.667718169966658e-05,1.3814139366149902
271,0.05464955117553472,-0.0035037028400614037,1.667718169966658e-05,1.5397109985351562
272,0.05442904122173786,-0.004034981972470042,1.667718169966658e-05,1.2420077323913574
273,0.05426902431994676,-0.002939917702007794,1.667718169966658e-05,1.2287769317626953
274,0.054030380472540857,-0.004397422846575697,1.667718169966658e-05,1.2630598545074463
275,0.05383626665920019,-0.003592679001017219,1.667718169966658e-05,1.2448627948760986
276,0.053636026419699195,-0.003719430263776906,1.667718169966658e-05,1.2283070087432861
277,0.05342931941151619,-0.0038538837043134294,1.667718169966658e-05,1.2320058345794678
278,0.0532735862955451,-0.002914750135063955,1.667718169966658e-05,1.1977674961090088
279,0.053050299771130086,-0.004191317685584205,1.667718169966658e-05,1.2050418853759766
280,0.05288008101284504,-0.0032086295274372507,1.667718169966658e-05,1.4556589126586914
281,0.05267363775521517,-0.003903989057424525,1.667718169966658e-05,1.4464128017425537
282,0.05252478513866663,-0.002825941455577587,1.667718169966658e-05,1.225433111190796
283,0.05235234972089529,-0.0032829342817131076,1.667718169966658e-05,1.2222387790679932
284,0.05210421200841665,-0.004739762662068163,1.667718169966658e-05,1.234022855758667
285,0.05201678793877363,-0.0016778695286458047,1.667718169966658e-05,1.2170071601867676
286,0.05178743287920952,-0.004409250717942706,1.667718169966658e-05,1.240135669708252
287,0.051710687726736065,-0.0014819261779678511,1.667718169966658e-05,1.2330882549285889
288,0.05134316124022007,-0.007107360251292332,1.667718169966658e-05,1.2320165634155273
289,0.05137966215610504,0.0007109206952448736,1.667718169966658e-05,1.2096071243286133
290,0.05048769012093544,-0.01736041067104633,1.5009463529699922e-05,1.4364533424377441
291,0.05026917982846499,-0.004327991475685286,1.5009463529699922e-05,1.4699184894561768
292,0.04993122100830078,-0.0067229825773452755,1.5009463529699922e-05,1.201838731765747
293,0.0497884164378047,-0.0028600256034664925,1.5009463529699922e-05,1.1958961486816406
294,0.04962301164865494,-0.0033221540467426344,1.5009463529699922e-05,1.2035222053527832
295,0.04934807941317558,-0.0055404181718343775,1.5009463529699922e-05,1.214508056640625
296,0.04922458861023188,-0.0025024439534870806,1.5009463529699922e-05,1.178785800933838
297,0.049095202162861826,-0.0026284922032473517,1.5009463529699922e-05,1.1957392692565918
298,0.048905377350747584,-0.0038664636003441387,1.5009463529699922e-05,1.2249774932861328
299,0.04867488853633404,-0.004712954421361215,1.5009463529699922e-05,1.1938483715057373
300,0.04863844465464354,-0.0007487203933358452,1.5009463529699922e-05,1.3691532611846924
301,0.04846926182508469,-0.003478376637249174,1.5009463529699922e-05,1.4551081657409668
302,0.04828779082745314,-0.003744042941822392,1.5009463529699922e-05,1.2099227905273438
303,0.04807245545089245,-0.004459416611750738,1.5009463529699922e-05,1.213712215423584
304,0.04808407753705978,0.0002417618583932195,1.5009463529699922e-05,1.2216806411743164
305,0.047531717978417876,-0.011487369352488595,1.350851717672993e-05,1.2058188915252686
306,0.04737245280295611,-0.003350713633664248,1.350851717672993e-05,1.2356781959533691
307,0.047124117761850354,-0.0052421824586261784,1.350851717672993e-05,1.2319509983062744
308,0.047032569088041785,-0.001942713798298037,1.350851717672993e-05,1.2106127738952637
309,0.04680218335241079,-0.004898429749812874,1.350851717672993e-05,1.2193653583526611
310,0.046598774231970314,-0.004346145967354768,1.350851717672993e-05,1.4772350788116455
311,0.04649878561496735,-0.002145734917944795,1.350851717672993e-05,1.428480625152588
312,0.046339273564517496,-0.003430456265475207,1.350851717672993e-05,1.2519168853759766
313,0.04616712797433138,-0.0037148961764892153,1.350851717672993e-05,1.2163026332855225
314,0.04598990008234978,-0.0038388329479828,1.350851717672993e-05,1.2063558101654053
315,0.045936015546321866,-0.0011716602108599419,1.350851717672993e-05,1.198185682296753
316,0.04575774505734444,-0.0038808435354533806,1.350851717672993e-05,1.206984519958496
317,0.0456038498878479,-0.003363259472329149,1.350851717672993e-05,1.1870996952056885
318,0.04545912690460682,-0.0031734817037813996,1.350851717672993e-05,1.2194809913635254
319,0.04541171759366989,-0.0010428997247663753,1.350851717672993e-05,1.2077577114105225
320,0.04524859815835953,-0.00359201201702836,1.350851717672993e-05,1.2945008277893066
321,0.045069482363760474,-0.003958482735137789,1.350851717672993e-05,1.3483095169067383
322,0.04497633632272482,-0.00206672089738828,1.350851717672993e-05,1.3830125331878662
323,0.04493473589420319,-0.0009249403558157659,1.350851717672993e-05,1.2158246040344238
324,0.04477460756897926,-0.003563575528761125,1.350851717672993e-05,1.195859670639038
325,0.04458026584237814,-0.004340445112818008,1.350851717672993e-05,1.2085344791412354
326,0.044519865326583384,-0.0013548711442931624,1.350851717672993e-05,1.2059972286224365
327,0.04449600722640753,-0.0005358978514611397,1.350851717672993e-05,1.2137620449066162
328,0.0442683419585228,-0.005116532517767464,1.350851717672993e-05,1.2129175662994385
329,0.04410004410892725,-0.0038017653733956884,1.350851717672993e-05,1.2026877403259277
330,0.0440103555843234,-0.00203375135821436,1.350851717672993e-05,1.2822134494781494
331,0.043968337774276736,-0.0009547255296804245,1.350851717672993e-05,1.4978768825531006
332,0.04369090136140585,-0.006309913608633183,1.350851717672993e-05,1.3644351959228516
333,0.04357771679759025,-0.0025905751607032484,1.350851717672993e-05,1.215770959854126
334,0.04348332196474075,-0.0021661261715006166,1.350851717672993e-05,1.1951689720153809
335,0.04343220502138138,-0.0011755528568130724,1.350851717672993e-05,1.213775634765625
336,0.043155938610434534,-0.006360865417973579,1.350851717672993e-05,1.2076332569122314
337,0.04310090195387602,-0.0012752974058872657,1.350851717672993e-05,1.2105045318603516
338,0.042986729219555854,-0.0026489639228975685,1.350851717672993e-05,1.209033727645874
339,0.0429570022970438,-0.0006915372034988419,1.350851717672993e-05,1.2050201892852783
340,0.042676747776567936,-0.006524070710007408,1.350851717672993e-05,1.2588942050933838
341,0.04266178026795387,-0.0003507181168637048,1.350851717672993e-05,1.3852272033691406
342,0.042524922825396064,-0.003207963701894781,1.350851717672993e-05,1.463618278503418
343,0.04254078142344952,0.00037292479326931776,1.350851717672993e-05,1.2175102233886719
344,0.04184299170970917,-0.016402841941114653,1.2157665459056937e-05,1.249718189239502
345,0.04184769030660391,0.00011229113174642193,1.2157665459056937e-05,1.230203628540039
346,0.04114767985418439,-0.01672757677402932,1.0941898913151244e-05,1.210176944732666
347,0.04087309367954731,-0.006673187300235098,1.0941898913151244e-05,1.2124769687652588
348,0.04072994669899344,-0.0035022301388821487,1.0941898913151244e-05,1.1870667934417725
349,0.04062771491706371,-0.0025099905650565702,1.0941898913151244e-05,1.1900088787078857
350,0.040517103392630816,-0.00272256327137019,1.0941898913151244e-05,1.219003677368164
351,0.04042515695095062,-0.0022693241614334643,1.0941898913151244e-05,1.3603734970092773
352,0.04034489538520575,-0.0019854360947134256,1.0941898913151244e-05,1.490234375
353,0.04023915071040392,-0.0026210174494740754,1.0941898913151244e-05,1.4079985618591309
354,0.04014659035950899,-0.0023002560755090184,1.0941898913151244e-05,1.41206955909729
355,0.04008060872554779,-0.0016435177525746599,1.0941898913151244e-05,1.3638973236083984
356,0.03999188749119639,-0.002213570032304612,1.0941898913151244e-05,1.2447710037231445
357,0.03989659804850817,-0.0023827193129906978,1.0941898913151244e-05,1.2232022285461426
358,0.03980367360636592,-0.0023291319733393227,1.0941898913151244e-05,1.200606346130371
359,0.0397562631033361,-0.0011911087277693222,1.0941898913151244e-05,1.2002239227294922
360,0.03965426418930292,-0.0025656061729960582,1.0941898913151244e-05,1.2046115398406982
361,0.03957892499864101,-0.0018999013650147093,1.0941898913151244e-05,1.5203361511230469
362,0.039479018822312355,-0.0025242266264707096,1.0941898913151244e-05,1.3915538787841797
363,0.039443227909505364,-0.0009065806059689251,1.0941898913151244e-05,1.2338049411773682
364,0.03932929011061788,-0.002888653006515922,1.0941898913151244e-05,1.1933424472808838
365,0.03925388097763061,-0.0019173784417458133,1.0941898913151244e-05,1.200227975845337
366,0.03916801096871495,-0.0021875546258622405,1.0941898913151244e-05,1.1940393447875977
367,0.03909305771812797,-0.0019136343340705369,1.0941898913151244e-05,1.1978363990783691
368,0.0390122732706368,-0.002066465306286561,1.0941898913151244e-05,1.19277024269104
369,0.03893523285165429,-0.00197477389866677,1.0941898913151244e-05,1.2093205451965332
370,0.03889639476314187,-0.0009975049760301826,1.0941898913151244e-05,1.2989459037780762
371,0.03890385303646326,0.0001917471623476953,1.0941898913151244e-05,1.397080898284912
372,0.03817051267251372,-0.018850070281270115,9.84770902183612e-06,1.3979747295379639
373,0.03809890417382121,-0.0018760161621847009,9.84770902183612e-06,1.1949176788330078
374,0.03787543697282672,-0.005865449567130602,9.84770902183612e-06,1.2153427600860596
375,0.03771618373692036,-0.004204657388391752,9.84770902183612e-06,1.2233521938323975
376,0.03764380399137735,-0.0019190633402327549,9.84770902183612e-06,1.2112860679626465
377,0.037604783512651924,-0.0010365710844304169,9.84770902183612e-06,1.1871976852416992
378,0.03752755206078291,-0.002053766692820539,9.84770902183612e-06,1.1724846363067627
379,0.037442563455551865,-0.002264698882927188,9.84770902183612e-06,1.2143607139587402
380,0.03737885612994432,-0.001701468054749273,9.84770902183612e-06,1.217710256576538
381,0.037340905480086804,-0.0010152972505521511,9.84770902183612e-06,1.4002339839935303
382,0.037250678185373545,-0.0024163124475215397,9.84770902183612e-06,1.412416934967041
383,0.03717453671619296,-0.002044029072482282,9.84770902183612e-06,1.2803633213043213
384,0.037116699200123546,-0.0015558369028502471,9.84770902183612e-06,1.198071002960205
385,0.037076675072312354,-0.0010783320896988215,9.84770902183612e-06,1.1839697360992432
386,0.036978752072900536,-0.0026410944136936155,9.84770902183612e-06,1.197279453277588
387,0.036902953218668696,-0.002049794814124847,9.84770902183612e-06,1.1899659633636475
388,0.03686100305989384,-0.0011367696922866136,9.84770902183612e-06,1.192960262298584
389,0.03679371364414692,-0.001825490631320735,9.84770902183612e-06,1.2150189876556396
390,0.036715583484619854,-0.0021234649017141715,9.84770902183612e-06,1.2141547203063965
391,0.0366266156733036,-0.0024231621255187507,9.84770902183612e-06,1.3676841259002686
392,0.03659057626500726,-0.0009839677413223623,9.84770902183612e-06,1.4029037952423096
393,0.036482608541846276,-0.0029506975342237494,9.84770902183612e-06,1.4221248626708984
394,0.036521732714027165,0.0010724061064880516,9.84770902183612e-06,1.2447481155395508
395,0.03601030772551894,-0.014003305716976468,8.862938119652508e-06,1.2294013500213623
396,0.03575033433735371,-0.007219415900214618,8.862938119652508e-06,1.222801923751831
397,0.03558526754379272,-0.004617209786161812,8.862938119652508e-06,1.2191810607910156
398,0.03553601071238518,-0.0013841916840143741,8.862938119652508e-06,1.2404842376708984
399,0.03550040068104863,-0.0010020829750633448,8.862938119652508e-06,1.2604093551635742
400,0.03540543179959059,-0.0026751495655297514,8.862938119652508e-06,1.2470474243164062
401,0.03533353667706251,-0.00203062408432233,8.862938119652508e-06,1.36429762840271
402,0.03529281979426742,-0.001152357975575153,8.862938119652508e-06,1.4551005363464355
403,0.03525026025250554,-0.0012058980271332383,8.862938119652508e-06,1.4634127616882324
404,0.03516963742673397,-0.002287155476131301,8.862938119652508e-06,1.3827879428863525
405,0.035106072947382924,-0.0018073680595503923,8.862938119652508e-06,1.3721520900726318
406,0.03507395645603537,-0.0009148414690440571,8.862938119652508e-06,1.3157241344451904
407,0.035010477118194105,-0.0018098710341058154,8.862938119652508e-06,1.2569854259490967
408,0.034935434982180595,-0.002143419404430588,8.862938119652508e-06,1.2255523204803467
409,0.034877360742539165,-0.0016623305154509075,8.862938119652508e-06,1.211238145828247
410,0.03485200185328722,-0.0007270873917078343,8.862938119652508e-06,1.2215464115142822
411,0.03476568492129445,-0.002476670704774144,8.862938119652508e-06,1.3829326629638672
412,0.03469912201166153,-0.001914615224282439,8.862938119652508e-06,1.4630308151245117
413,0.034653224740177395,-0.0013227214068618769,8.862938119652508e-06,1.4233496189117432
414,0.0346061878837645,-0.0013573587094870612,8.862938119652508e-06,1.209648847579956
415,0.03452038353309035,-0.002479451101703299,8.862938119652508e-06,1.240663766860962
416,0.03445039613172412,-0.002027422473424848,8.862938119652508e-06,1.2238292694091797
417,0.034419695734977725,-0.0008911478587650655,8.862938119652508e-06,1.2245852947235107
418,0.03433718316257,-0.0023972487451094735,8.862938119652508e-06,1.1984248161315918
419,0.034264164939522744,-0.0021265059134743026,8.862938119652508e-06,1.1954169273376465
420,0.034210862927138805,-0.0015556197700431,8.862938119652508e-06,1.1944615840911865
421,0.034170798528939485,-0.00117110165518619,8.862938119652508e-06,1.2753803730010986
422,0.03407209808006883,-0.0028884443185331478,8.862938119652508e-06,1.431157112121582
423,0.03399887753650546,-0.002148988400752422,8.862938119652508e-06,1.412369966506958
424,0.03399830810725689,-1.674847200357278e-05,8.862938119652508e-06,1.2022669315338135
425,0.034444101080298425,0.013112210514569188,9.749231931617759e-06,1.1975200176239014
426,0.03389191694557667,-0.016031312108696627,8.774308738455983e-06,1.2201361656188965
427,0.033762146905064586,-0.0038289377588309518,8.774308738455983e-06,1.2302331924438477
428,0.03366351848468185,-0.0029212721767982093,8.774308738455983e-06,1.210545539855957
429,0.03362137483432889,-0.0012519086610667393,8.774308738455983e-06,1.2046983242034912
430,0.03352841405197978,-0.002764931024004263,8.774308738455983e-06,1.1950995922088623
431,0.03345639346167445,-0.0021480464358879735,8.774308738455983e-06,1.206946849822998
432,0.033427165374159816,-0.0008736174013530626,8.774308738455983e-06,1.3765788078308105
433,0.03334847785532474,-0.0023539991487253296,8.774308738455983e-06,1.6362864971160889
434,0.033279791940003633,-0.0020596416909667856,8.774308738455983e-06,1.1984038352966309
435,0.03324500508606434,-0.0010452845979929647,8.774308738455983e-06,1.1920127868652344
436,0.03318356556817889,-0.001848082673664578,8.774308738455983e-06,1.2134196758270264
437,0.03311179168522358,-0.0021629346252090885,8.774308738455983e-06,1.2212026119232178
438,0.0330514351837337,-0.001822809893939278,8.774308738455983e-06,1.227503776550293
439,0.033024188596755266,-0.0008243692543748351,8.774308738455983e-06,1.1854643821716309
440,0.03294047772884369,-0.0025348349639634,8.774308738455983e-06,1.1937012672424316
441,0.032876772936433554,-0.0019339365061592111,8.774308738455983e-06,1.2162742614746094
442,0.03283599741756916,-0.0012402530790730042,8.774308738455983e-06,1.5809473991394043
443,0.032790077086538076,-0.0013984752906123802,8.774308738455983e-06,1.3423795700073242
444,0.03270567016676068,-0.0025741604557571606,8.774308738455983e-06,1.1853513717651367
445,0.032640686854720116,-0.0019869127190858863,8.774308738455983e-06,1.2187426090240479
446,0.032624760176986456,-0.00048793941759093737,8.774308738455983e-06,1.2171134948730469
447,0.03255664052441716,-0.0020879740479241076,8.774308738455983e-06,1.2193877696990967
448,0.032479448355734346,-0.002371011487653989,8.774308738455983e-06,1.2268259525299072
449,0.032424132823944095,-0.001703093327953177,8.774308738455983e-06,1.195894479751587
450,0.03240464113652706,-0.0006011475317743119,8.774308738455983e-06,1.2021288871765137
451,0.032419043276458975,0.0004444468269603078,8.774308738455983e-06,1.2773947715759277
452,0.031875569242984056,-0.01676403676815355,7.896877864610385e-06,1.3685643672943115
453,0.03172175085172057,-0.004825588841753562,7.896877864610385e-06,1.4172000885009766
454,0.03164841214194894,-0.0023119376390805897,7.896877864610385e-06,1.2234694957733154
455,0.03159553026780486,-0.0016709171350175885,7.896877864610385e-06,1.2056775093078613
456,0.03154041606932879,-0.001744366940795768,7.896877864610385e-06,1.2170610427856445
457,0.031510449033230546,-0.0009501154338728728,7.896877864610385e-06,1.2059812545776367
458,0.031456853467971085,-0.0017008823074193436,7.896877864610385e-06,1.207432508468628
459,0.031403331216424704,-0.0017014496253058757,7.896877864610385e-06,1.2033090591430664
460,0.031371195539832114,-0.0010233206270735492,7.896877864610385e-06,1.1952581405639648
461,0.031332983542233704,-0.0012180599731971332,7.896877864610385e-06,1.205763578414917
462,0.03127300962805748,-0.0019140824586776702,7.896877864610385e-06,1.3603851795196533
463,0.031226107906550168,-0.0014997508095681172,7.896877864610385e-06,1.463855266571045
464,0.031206516567617654,-0.0006274025245523399,7.896877864610385e-06,1.3493766784667969
465,0.031144831385463475,-0.001976676314401232,7.896877864610385e-06,1.2309353351593018
466,0.03109249982982874,-0.0016802645352949497,7.896877864610385e-06,1.210799217224121
467,0.031057668440043925,-0.001120250541945776,7.896877864610385e-06,1.237269401550293
468,0.031027938313782213,-0.0009572555750314878,7.896877864610385e-06,1.253283977508545
469,0.030954809691756964,-0.002356863717005865,7.896877864610385e-06,1.2293784618377686
470,0.03089873304590583,-0.0018115648718094982,7.896877864610385e-06,1.2355425357818604
471,0.030898159090429544,-1.8575372505805316e-05,7.896877864610385e-06,1.2265362739562988
472,0.031265122592449186,0.01187654905088849,8.686565651071424e-06,1.3761365413665771
473,0.030842117369174957,-0.013529619851111322,7.817909085964283e-06,1.4389045238494873
474,0.03074504941701889,-0.0031472531860954303,7.817909085964283e-06,1.39849853515625
475,0.030648597106337546,-0.0031371655765807453,7.817909085964283e-06,1.2100725173950195
476,0.03063604861497879,-0.0004094311826156014,7.817909085964283e-06,1.204970359802246
477,0.030521209370344877,-0.0037485005353387626,7.817909085964283e-06,1.2194905281066895
478,0.030463769119232893,-0.0018819782143952182,7.817909085964283e-06,1.221834421157837
479,0.03043495163321495,-0.0009459593100627874,7.817909085964283e-06,1.2074320316314697
480,0.030372156072407962,-0.002063271253516865,7.817909085964283e-06,1.2223305702209473
481,0.03031489945948124,-0.0018851678751492216,7.817909085964283e-06,1.216012716293335
482,0.030295061990618707,-0.00065438016342586,7.817909085964283e-06,1.3370349407196045
483,0.030239735804498194,-0.0018262443608019444,7.817909085964283e-06,1.5037505626678467
484,0.030183172468096018,-0.0018704970429590244,7.817909085964283e-06,1.4166960716247559
485,0.03014475544914603,-0.0012727959259615136,7.817909085964283e-06,1.2005820274353027
486,0.0301164080388844,-0.000940376189465314,7.817909085964283e-06,1.2153880596160889
487,0.030052697360515593,-0.002115480647179037,7.817909085964283e-06,1.2157514095306396
488,0.030003928262740374,-0.001622786041138983,7.817909085964283e-06,1.2083308696746826
489,0.029983212482184173,-0.0006904356114571144,7.817909085964283e-06,1.195704460144043
490,0.02992601552978158,-0.0019076325606063487,7.817909085964283e-06,1.1957728862762451
491,0.029865672029554844,-0.002016422806660769,7.817909085964283e-06,1.1995127201080322
492,0.029839950185269117,-0.000861251146810739,7.817909085964283e-06,1.2029049396514893
493,0.029852127395570277,0.0004080841363861249,7.817909085964283e-06,1.3798949718475342
494,0.029415472354739906,-0.014627267097056746,7.036118177367854e-06,1.4346041679382324
495,0.029297715574502944,-0.004003225881157303,7.036118177367854e-06,1.248356819152832
496,0.029259054604917765,-0.0013195899006823778,7.036118177367854e-06,1.2416467666625977
497,0.029222353622317315,-0.0012543461535589385,7.036118177367854e-06,1.2232542037963867
498,0.02915115114301443,-0.002436575787944306,7.036118177367854e-06,1.212639570236206
499,0.02910686694085598,-0.0015191236168065946,7.036118177367854e-06,1.2386267185211182
500,0.029090805742889643,-0.0005518009890577117,7.036118177367854e-06,1.274979829788208
501,0.02904226064682007,-0.0016687436057503608,7.036118177367854e-06,1.1929371356964111
502,0.028993304315954448,-0.0016856928412348913,7.036118177367854e-06,1.2072041034698486
503,0.02897210428491235,-0.0007312043777787853,7.036118177367854e-06,1.339414358139038
504,0.028939672708511353,-0.0011194070020618086,7.036118177367854e-06,1.5705389976501465
505,0.028888311181217433,-0.0017747791349006629,7.036118177367854e-06,1.2117061614990234
506,0.028848125040531157,-0.0013910865344182663,7.036118177367854e-06,1.208967685699463
507,0.028833069615066053,-0.0005218857531971807,7.036118177367854e-06,1.4528956413269043
508,0.02878536919131875,-0.0016543650878704083,7.036118177367854e-06,1.4075944423675537
509,0.02873882994055748,-0.0016167675478453354,7.036118177367854e-06,1.3209490776062012
510,0.02871276594698429,-0.000906926051864281,7.036118177367854e-06,1.2070543766021729
511,0.02868255341425538,-0.0010522334485188985,7.036118177367854e-06,1.2322003841400146
512,0.028630088809877635,-0.0018291469249620287,7.036118177367854e-06,1.3088650703430176
513,0.028593940641731024,-0.0012625936435844906,7.036118177367854e-06,1.350843906402588
514,0.028581943176686764,-0.0004195806795076792,7.036118177367854e-06,1.3801157474517822
515,0.02853221844881773,-0.0017397252370717755,7.036118177367854e-06,1.2224926948547363
516,0.028463205639272928,-0.002418767740356432,7.036118177367854e-06,1.2334508895874023
517,0.028481938112527132,0.0006581294282734264,7.036118177367854e-06,1.242617130279541
518,0.028118101805448534,-0.01277428192004156,6.332506359631069e-06,1.2301523685455322
519,0.028018630743026733,-0.003537616554276997,6.332506359631069e-06,1.231529951095581
520,0.027957109082490206,-0.0021957411516920094,6.332506359631069e-06,1.2342121601104736
521,0.027943313736468554,-0.0004934468002735278,6.332506359631069e-06,1.2356579303741455
522,0.027903306819498538,-0.0014317169877316057,6.332506359631069e-06,1.262324571609497
523,0.02785448506474495,-0.0017496763042963376,6.332506359631069e-06,1.4903771877288818
524,0.02783186724409461,-0.0008119992381036322,6.332506359631069e-06,1.4105682373046875
525,0.027808505613356828,-0.000839384240119134,6.332506359631069e-06,1.199643850326538
526,0.027763781882822514,-0.0016082752218383187,6.332506359631069e-06,1.2293665409088135
527,0.027726304102689028,-0.0013498802249514205,6.332506359631069e-06,1.1993322372436523
528,0.027711580842733383,-0.0005310213687736726,6.332506359631069e-06,1.2020549774169922
529,0.027674345970153807,-0.0013436574690880178,6.332506359631069e-06,1.2218103408813477
530,0.02763090416789055,-0.0015697499160453,6.332506359631069e-06,1.1976470947265625
531,0.027603910751640797,-0.0009769284452559289,6.332506359631069e-06,1.203239917755127
532,0.02758766733109951,-0.0005884463504984666,6.332506359631069e-06,1.1967415809631348
533,0.02754108877852559,-0.001688383146530525,6.332506359631069e-06,1.543332576751709
534,0.027498120199888943,-0.0015601626712067383,6.332506359631069e-06,1.374220848083496
535,0.027487369254231453,-0.0003909702037571855,6.332506359631069e-06,1.2600629329681396
536,0.02745071701705456,-0.0013334210647041823,6.332506359631069e-06,1.2164249420166016
537,0.027402948942035436,-0.0017401394283961932,6.332506359631069e-06,1.2128589153289795
538,0.027368903663009404,-0.0012423947181030123,6.332506359631069e-06,1.2065298557281494
539,0.02735388495028019,-0.0005487509808262118,6.332506359631069e-06,1.2025485038757324
540,0.02730639247223735,-0.0017362242375869401,6.332506359631069e-06,1.2139184474945068
541,0.02725945768877864,-0.0017188203643681086,6.332506359631069e-06,1.2141482830047607
542,0.02724490175023675,-0.0005339775540685618,6.332506359631069e-06,1.1917378902435303
543,0.027208249904215335,-0.0013452735619094785,6.332506359631069e-06,1.3104090690612793
544,0.027157447040081023,-0.001867186030456189,6.332506359631069e-06,1.384690523147583
545,0.027136123087257148,-0.0007851972533502145,6.332506359631069e-06,1.420356035232544
546,0.02711826641112566,-0.0006580407994933161,6.332506359631069e-06,1.2296500205993652
547,0.027075361702591182,-0.0015821331601372276,6.332506359631069e-06,1.1922574043273926
548,0.027016698755323885,-0.002166654241286928,6.332506359631069e-06,1.244401454925537
549,0.027013794276863335,-0.0001075067863344367,6.332506359631069e-06,1.2116460800170898
550,0.026977481190115213,-0.0013442423665461717,6.332506359631069e-06,1.2196991443634033
551,0.0269207127392292,-0.0021042902591963154,6.332506359631069e-06,1.2183640003204346
552,0.026887599509209395,-0.0012300279840493802,6.332506359631069e-06,1.1979165077209473
553,0.02687643175944686,-0.00041534945351707906,6.332506359631069e-06,1.263272762298584
554,0.02682857248932123,-0.0017807151839940715,6.332506359631069e-06,1.3684489727020264
555,0.026777191404253244,-0.0019151628394853512,6.332506359631069e-06,1.4270756244659424
556,0.02676586316898465,-0.00042305539433067145,6.332506359631069e-06,1.2486467361450195
557,0.02673691786825657,-0.0010814260143727067,6.332506359631069e-06,1.3873929977416992
558,0.0266865586489439,-0.0018835087709364426,6.332506359631069e-06,1.5292282104492188
559,0.026647761892527343,-0.0014537939090207075,6.332506359631069e-06,1.2531251907348633
560,0.026641845144331454,-0.00022203546473251951,6.332506359631069e-06,1.2160513401031494
561,0.026596203297376633,-0.0017131638858929573,6.332506359631069e-06,1.1992101669311523
562,0.02654903808608651,-0.0017733813643534165,6.332506359631069e-06,1.2041051387786865
563,0.026527677308768035,-0.0008045782016362199,6.332506359631069e-06,1.261225938796997
564,0.026509743183851242,-0.0006760533426296326,6.332506359631069e-06,1.3500676155090332
565,0.02646024776622653,-0.0018670651496489588,6.332506359631069e-06,1.372704029083252
566,0.026426244881004094,-0.0012850554357180305,6.332506359631069e-06,1.1974024772644043
567,0.02640490122139454,-0.000807669031512568,6.332506359631069e-06,1.2071399688720703
568,0.026378034818917512,-0.0010174778633619474,6.332506359631069e-06,1.218860149383545
569,0.026326192170381547,-0.001965371904763141,6.332506359631069e-06,1.206749439239502
570,0.026307050548493863,-0.0007270942095917469,6.332506359631069e-06,1.191636562347412
571,0.026272990591824055,-0.001294708299093561,6.332506359631069e-06,1.1957623958587646
572,0.026235116589814426,-0.001441556562708735,6.332506359631069e-06,1.247063159942627
573,0.026194759774953127,-0.0015382746527212504,6.332506359631069e-06,1.2355811595916748
574,0.026178379114717244,-0.0006253411131315673,6.332506359631069e-06,1.5142357349395752
575,0.026137463487684726,-0.0015629549428259398,6.332506359631069e-06,1.3749182224273682
576,0.0260954549908638,-0.0016072139838939454,6.332506359631069e-06,1.1964919567108154
577,0.026074594743549825,-0.0007993823951825782,6.332506359631069e-06,1.205923080444336
578,0.02604725258424878,-0.001048613010862152,6.332506359631069e-06,1.215484619140625
579,0.02600533491000533,-0.0016092934987239316,6.332506359631069e-06,1.209040641784668
580,0.025967676173895598,-0.0014481157900890084,6.332506359631069e-06,1.199366569519043
581,0.02596165118739009,-0.00023201870144877432,6.332506359631069e-06,1.223942756652832
582,0.025913001075387,-0.0018739221034877061,6.332506359631069e-06,1.2145249843597412
583,0.0258763431571424,-0.001414653522297721,6.332506359631069e-06,1.3224661350250244
584,0.025855019390583038,-0.0008240641434481636,6.332506359631069e-06,1.377661943435669
585,0.025842889994382858,-0.00046913119719406226,6.332506359631069e-06,1.4039855003356934
586,0.02578230468556285,-0.0023443704954507144,6.332506359631069e-06,1.200770616531372
587,0.02575250083580613,-0.0011559808217380702,6.332506359631069e-06,1.2095396518707275
588,0.02574424834921956,-0.0003204537935630584,6.332506359631069e-06,1.210829734802246
589,0.025709535460919142,-0.0013483745118342482,6.332506359631069e-06,1.1891038417816162
590,0.025646373461931944,-0.002456753801841719,6.332506359631069e-06,1.204674243927002
591,0.025634402725845575,-0.0004667613572787464,6.332506359631069e-06,1.1927270889282227
592,0.025618370957672595,-0.0006254004957492509,6.332506359631069e-06,1.2126531600952148
593,0.025571966469287874,-0.001811375456362634,6.332506359631069e-06,1.2213847637176514
594,0.02551854548975825,-0.0020890446416696796,6.332506359631069e-06,1.5279836654663086
595,0.02552172161638737,0.0001244634663990628,6.332506359631069e-06,1.4686756134033203
596,0.025213217306882144,-0.01208791139337307,5.699255723667962e-06,1.2718007564544678
597,0.025135499816387893,-0.0030824106875498684,5.699255723667962e-06,1.2048368453979492
598,0.025095394141972066,-0.0015955789504404115,5.699255723667962e-06,1.2047560214996338
599,0.02508192924782634,-0.0005365484227724238,5.699255723667962e-06,1.1983158588409424
600,0.025047159828245638,-0.0013862338593317624,5.699255723667962e-06,1.1894276142120361
601,0.02500981267541647,-0.0014910733626194701,5.699255723667962e-06,1.187509536743164
602,0.024998094476759432,-0.00046854403945834316,5.699255723667962e-06,1.2149865627288818
603,0.02497200505807996,-0.00104365629563198,5.699255723667962e-06,1.190779209136963
604,0.024936280958354474,-0.0014305659334281917,5.699255723667962e-06,1.3313841819763184
605,0.024914069063961507,-0.0008907460751690549,5.699255723667962e-06,1.3873374462127686
606,0.024900926407426596,-0.0005275194710735344,5.699255723667962e-06,1.3189876079559326
607,0.024867144618183373,-0.0013566478889374843,5.699255723667962e-06,1.2240774631500244
608,0.02483657596632838,-0.0012292787259796341,5.699255723667962e-06,1.2132377624511719
609,0.024827525485306978,-0.00036440131818787246,5.699255723667962e-06,1.2260420322418213
610,0.024801025371998547,-0.0010673682854182827,5.699255723667962e-06,1.1988751888275146
611,0.024768942315131427,-0.0012936181623903354,5.699255723667962e-06,1.2038092613220215
612,0.02475250568240881,-0.000663598490137155,5.699255723667962e-06,1.1975677013397217
613,0.02474844042211771,-0.00016423631382059625,5.699255723667962e-06,1.2067217826843262
614,0.024696865621954202,-0.0020839616268269814,5.699255723667962e-06,1.2988762855529785
615,0.024664295315742494,-0.0013188032323727195,5.699255723667962e-06,1.3831562995910645
616,0.024659210070967674,-0.00020617839308689274,5.699255723667962e-06,1.4741919040679932
617,0.024617511462420225,-0.0016909953087484262,5.699255723667962e-06,1.2340974807739258
618,0.024574151765555143,-0.0017613355001895033,5.699255723667962e-06,1.2103805541992188
619,0.02455334657803178,-0.0008466289181352598,5.699255723667962e-06,1.2154042720794678
620,0.02454347150400281,-0.00040218851624101163,5.699255723667962e-06,1.187525749206543
621,0.024497630670666695,-0.0018677404021121284,5.699255723667962e-06,1.1968913078308105
622,0.024462952092289925,-0.0014155890764690883,5.699255723667962e-06,1.205219030380249
623,0.024457001127302647,-0.0002432643846428602,5.699255723667962e-06,1.188615322113037
624,0.024429702013731004,-0.0011162085420672319,5.699255723667962e-06,1.1959636211395264
625,0.02438486073166132,-0.0018355230876119706,5.699255723667962e-06,1.374490737915039
626,0.02436843579635024,-0.0006735710116135063,5.699255723667962e-06,1.4358065128326416
627,0.024358097687363623,-0.0004242417967658535,5.699255723667962e-06,1.2988595962524414
628,0.02432593135163188,-0.0013205602565766754,5.699255723667962e-06,1.2359247207641602
629,0.024285908602178097,-0.0016452710021766987,5.699255723667962e-06,1.2296574115753174
630,0.024285623133182527,-1.175451164899458e-05,5.699255723667962e-06,1.2128427028656006
631,0.024520098585635423,0.0096549078097371,6.269181296034759e-06,1.2153964042663574
632,0.024226364120841025,-0.01197933457602311,5.642263166431283e-06,1.2170004844665527
633,0.024167126193642616,-0.0024451843827216465,5.642263166431283e-06,1.2392568588256836
634,0.024144757613539694,-0.0009255788182546337,5.642263166431283e-06,1.2484068870544434
635,0.02410499146208167,-0.001646989052220743,5.642263166431283e-06,1.338470220565796
636,0.02406749179586768,-0.001555680543300706,5.642263166431283e-06,1.4293467998504639
637,0.02405238749459386,-0.0006275810292958592,5.642263166431283e-06,1.2895803451538086
638,0.024028633944690226,-0.000987575553943382,5.642263166431283e-06,1.1941816806793213
639,0.023989740256220103,-0.0016186391852174955,5.642263166431283e-06,1.2109169960021973
640,0.023968223575502635,-0.0008969117834399571,5.642263166431283e-06,1.2193138599395752
641,0.02395499126985669,-0.000552077028331333,5.642263166431283e-06,1.2214405536651611
642,0.023922275342047213,-0.0013657248896869836,5.642263166431283e-06,1.2258994579315186
643,0.02388703467324376,-0.0014731319784415063,5.642263166431283e-06,1.210536003112793
644,0.02388484951108694,-9.147900468653086e-05,5.642263166431283e-06,1.218846082687378
645,0.02410451406612992,0.00919681553534667,6.206489483074412e-06,1.337315320968628
646,0.023833251651376487,-0.011253593995267234,5.58584053476697e-06,1.4205131530761719
647,0.023777696825563906,-0.002330979701184512,5.58584053476697e-06,1.4133243560791016
648,0.023779860977083445,9.101602797846214e-05,5.58584053476697e-06,1.2609748840332031
649,0.02346879545599222,-0.0130810487660545,5.027256481290273e-06,1.2384614944458008
650,0.023406447675079108,-0.0026566246669977116,5.027256481290273e-06,1.2182304859161377
651,0.02339586179703474,-0.0004522633332198308,5.027256481290273e-06,1.232276439666748
652,0.023373829778283835,-0.0009417058000273236,5.027256481290273e-06,1.2313182353973389
653,0.023339112624526023,-0.001485300187736763,5.027256481290273e-06,1.216437578201294
654,0.023324755746871234,-0.000615142395761106,5.027256481290273e-06,1.2192063331604004
655,0.02331402661278844,-0.00045998912911376,5.027256481290273e-06,1.2549314498901367
656,0.023284659516066314,-0.0012596321180321978,5.027256481290273e-06,1.4241302013397217
657,0.02326115930452943,-0.0010092572545743863,5.027256481290273e-06,1.4135231971740723
658,0.023253023028373718,-0.0003497794778494744,5.027256481290273e-06,1.22440767288208
659,0.023231005389243366,-0.0009468721165194608,5.027256481290273e-06,1.2126038074493408
660,0.023200767505913975,-0.0013016175074106876,5.027256481290273e-06,1.4912550449371338
661,0.023187371082603932,-0.0005774129371637087,5.027256481290273e-06,1.5102636814117432
662,0.0231762009114027,-0.00048173512906824915,5.027256481290273e-06,1.2051222324371338
663,0.02314657324925065,-0.0012783657798492965,5.027256481290273e-06,1.2297906875610352
664,0.023119830060750246,-0.0011553843505224366,5.027256481290273e-06,1.2359647750854492
665,0.023117897380143405,-8.359406629559937e-05,5.027256481290273e-06,1.2955539226531982
666,0.023327933568507434,0.009085436487162337,5.529982129419301e-06,1.5695796012878418
667,0.023077285811305047,-0.010744533220926186,4.976983916477371e-06,1.2605409622192383
668,0.023046470936387776,-0.0013352902576686723,4.976983916477371e-06,1.2363016605377197
669,0.023039329927414656,-0.000309852601416936,4.976983916477371e-06,1.2303645610809326
670,0.022979686912149192,-0.002588747826146387,4.976983916477371e-06,1.2329771518707275
671,0.02294395724311471,-0.0015548370685412726,4.976983916477371e-06,1.240199089050293
672,0.02294106414541602,-0.00012609410260115223,4.976983916477371e-06,1.254575490951538
673,0.022906192149966954,-0.0015200687826869492,4.976983916477371e-06,1.2549328804016113
674,0.022872546203434468,-0.0014688581285010813,4.976983916477371e-06,1.2279052734375
675,0.02286207554861903,-0.00045778265009534794,4.976983916477371e-06,1.525437593460083
676,0.02284612327814102,-0.0006977612528699187,4.976983916477371e-06,1.4018604755401611
677,0.022813511621206997,-0.0014274481730222242,4.976983916477371e-06,1.2594730854034424
678,0.022789886891841887,-0.0010355586530198513,4.976983916477371e-06,1.2778918743133545
679,0.022783420346677304,-0.0002837462597016469,4.976983916477371e-06,1.2302677631378174
680,0.022756820246577263,-0.001167520051655471,4.976983916477371e-06,1.207550048828125
681,0.02272521933540702,-0.001388634740171841,4.976983916477371e-06,1.2161915302276611
682,0.022715403512120248,-0.00043193524964040166,4.976983916477371e-06,1.210951566696167
683,0.022700593415647743,-0.0006519847408654615,4.976983916477371e-06,1.2081553936004639
684,0.022669639345258473,-0.001363579789413503,4.976983916477371e-06,1.2466413974761963
685,0.022644912991672754,-0.001090725494531992,4.976983916477371e-06,1.3784570693969727
686,0.0226459820009768,4.7207481187479074e-05,4.976983916477371e-06,1.448596715927124
687,0.022393001839518548,-0.011171083746659384,4.479285524829634e-06,1.1875827312469482
688,0.022377118319272995,-0.0007093073255378367,4.479285524829634e-06,1.1948552131652832
689,0.022349521853029727,-0.001233244864219141,4.479285524829634e-06,1.1951169967651367
690,0.0223266395740211,-0.0010238375191693476,4.479285524829634e-06,1.1915678977966309
691,0.022299003768712283,-0.00123779511095679,4.479285524829634e-06,1.2396354675292969
692,0.022283054944127797,-0.0007152258795912466,4.479285524829634e-06,1.2395405769348145
693,0.022269978709518908,-0.0005868241424560405,4.479285524829634e-06,1.275815725326538
694,0.022245384622365236,-0.0011043606046718028,4.479285524829634e-06,1.236259937286377
695,0.02222265997901559,-0.001021544187048987,4.479285524829634e-06,1.4378058910369873
696,0.022214472237974407,-0.0003684410889117043,4.479285524829634e-06,1.3527185916900635
697,0.022195960078388453,-0.000833337807337523,4.479285524829634e-06,1.2849111557006836
698,0.022168382033705712,-0.0012424803696413382,4.479285524829634e-06,1.2229983806610107
699,0.022155214548110962,-0.0005939759417141713,4.479285524829634e-06,1.2129135131835938
700,0.02214629413560033,-0.00040263263942948125,4.479285524829634e-06,1.2019336223602295
701,0.022119034714996814,-0.001230879551974152,4.479285524829634e-06,1.2180066108703613
702,0.02209508953616023,-0.001082559846987825,4.479285524829634e-06,1.2146391868591309
703,0.022091583367437124,-0.00015868542724695333,4.479285524829634e-06,1.1972177028656006
704,0.02207318313419819,-0.0008329069461836418,4.479285524829634e-06,1.2034568786621094
705,0.022042366974055767,-0.001396090448535234,4.479285524829634e-06,1.3197288513183594
706,0.022035108730196953,-0.00032928604570270196,4.479285524829634e-06,1.5658514499664307
707,0.02202335814014077,-0.0005332667154067323,4.479285524829634e-06,1.2176225185394287
708,0.022002063430845736,-0.0009669147256984979,4.479285524829634e-06,1.1904451847076416
709,0.02197743920609355,-0.0011191779729925063,4.479285524829634e-06,1.2000484466552734
710,0.02196761092171073,-0.0004471987973964805,4.479285524829634e-06,1.249781847000122
711,0.02193937236443162,-0.0012854632840935503,4.479285524829634e-06,1.3818395137786865
712,0.02191173121333122,-0.0012598879603871493,4.479285524829634e-06,1.4582176208496094
713,0.02189755216240883,-0.0006470986150909093,4.479285524829634e-06,1.2109885215759277
714,0.021883113142102957,-0.0006593896979343794,4.479285524829634e-06,1.2196924686431885
715,0.021854324229061604,-0.001315576666555866,4.479285524829634e-06,1.3947162628173828
716,0.021834330763667822,-0.0009148516872095675,4.479285524829634e-06,1.3025507926940918
717,0.02182731490582228,-0.0003213223213242718,4.479285524829634e-06,1.2058861255645752
718,0.021802091524004936,-0.0011555879376906216,4.479285524829634e-06,1.2066168785095215
719,0.021774995736777783,-0.0012428067828868304,4.479285524829634e-06,1.2121508121490479
720,0.021768767517060042,-0.00028602621984543503,4.479285524829634e-06,1.2113425731658936
721,0.02175145411863923,-0.0007953320465774313,4.479285524829634e-06,1.2000470161437988
722,0.021723099704831838,-0.0013035640584182814,4.479285524829634e-06,1.2101683616638184
723,0.02170576261356473,-0.0007980947241728769,4.479285524829634e-06,1.1944420337677002
724,0.021704111788421868,-7.605469442621526e-05,4.479285524829634e-06,1.2481932640075684
725,0.02188222587108612,0.008206467253788728,4.927214077312598e-06,1.4289162158966064
726,0.021643010769039392,-0.010931936424384246,4.434492669581338e-06,1.4233002662658691
727,0.02162676639854908,-0.0007505596454975856,4.434492669581338e-06,1.197206974029541
728,0.021614428348839282,-0.000570499051149281,4.434492669581338e-06,1.2079699039459229
729,0.021573433224111795,-0.0018966555148190523,4.434492669581338e-06,1.1998765468597412
730,0.021556708477437497,-0.0007752473378046007,4.434492669581338e-06,1.207446813583374
731,0.021548333670943977,-0.00038850117133074026,4.434492669581338e-06,1.2258169651031494
732,0.02152305593714118,-0.0011730713933060042,4.434492669581338e-06,1.206965446472168
733,0.021493973564356565,-0.0013512194954820292,4.434492669581338e-06,1.2217707633972168
734,0.021489863023161887,-0.00019124156742678786,4.434492669581338e-06,1.201237440109253
735,0.021470202170312404,-0.0009148896309060994,4.434492669581338e-06,1.4504318237304688
736,0.021442359071224926,-0.0012968251936619883,4.434492669581338e-06,1.4568877220153809
737,0.021430055163800716,-0.000573813141704259,4.434492669581338e-06,1.292588710784912
738,0.021419908106327056,-0.0004734965634059603,4.434492669581338e-06,1.2045986652374268
739,0.021392334029078485,-0.0012873107163529891,4.434492669581338e-06,1.2084708213806152
740,0.02137419156730175,-0.000848082390265257,4.434492669581338e-06,1.2165586948394775
741,0.0213679807074368,-0.0002905775334424564,4.434492669581338e-06,1.2398066520690918
742,0.02135037261992693,-0.0008240407809682022,4.434492669581338e-06,1.2087366580963135
743,0.021318437792360784,-0.0014957503615810057,4.434492669581338e-06,1.2070884704589844
744,0.021322478763759135,0.00018955288552142293,4.434492669581338e-06,1.2079575061798096
745,0.021105799879878758,-0.010161993184800633,3.991043402623205e-06,1.3980412483215332
746,0.021072430536150932,-0.001581050892064912,3.991043402623205e-06,1.5003011226654053
747,0.021052849907428027,-0.0009292059921286069,3.991043402623205e-06,1.338836669921875
748,0.021044117249548435,-0.000414796947586219,3.991043402623205e-06,1.216500997543335
749,0.02102137913927436,-0.0010804972242094792,3.991043402623205e-06,1.2239089012145996
750,0.021001305785030126,-0.0009549018697222585,3.991043402623205e-06,1.201927900314331
751,0.020994684360921383,-0.0003152863053621537,3.991043402623205e-06,1.2029683589935303
752,0.020978462304919957,-0.0007726744409466108,3.991043402623205e-06,1.2222611904144287
753,0.020956123564392328,-0.0010648416553576496,3.991043402623205e-06,1.2040936946868896
754,0.020945571064949035,-0.0005035520720646577,3.991043402623205e-06,1.2027051448822021
755,0.020936396270990372,-0.00043803026091834607,3.991043402623205e-06,1.2278707027435303
756,0.020914392322301866,-0.0010509902661230515,3.991043402623205e-06,1.451948642730713
757,0.020896141473203896,-0.000872645440360622,3.991043402623205e-06,1.5555071830749512
758,0.02089189013466239,-0.00020345088814407547,3.991043402623205e-06,1.2412214279174805
759,0.020873565338552,-0.0008771248552559777,3.991043402623205e-06,1.2138252258300781
760,0.020849744584411384,-0.0011411924007356843,3.991043402623205e-06,1.2145631313323975
761,0.020843531545251606,-0.00029799114011318993,3.991043402623205e-06,1.2081327438354492
762,0.02083253178745508,-0.0005277300428981498,3.991043402623205e-06,1.2002389430999756
763,0.020808369908481835,-0.001159814813665441,3.991043402623205e-06,1.2021851539611816
764,0.02079815823584795,-0.0004907483228526804,3.991043402623205e-06,1.1987860202789307
765,0.02079171543940902,-0.00030977725844138213,3.991043402623205e-06,1.221952199935913
766,0.020772074908018114,-0.000944632560412874,3.991043402623205e-06,1.3355331420898438
767,0.020745339784771204,-0.00128707042340721,3.991043402623205e-06,1.3956830501556396
768,0.020740305874496698,-0.00024265258254299084,3.991043402623205e-06,1.3270232677459717
769,0.02072052374482155,-0.0009538012503216557,3.991043402623205e-06,1.2358980178833008
770,0.020693641919642687,-0.001297352591561806,3.991043402623205e-06,1.2154712677001953
771,0.02068257985636592,-0.0005345633852042334,3.991043402623205e-06,1.19710111618042
772,0.02067277565598488,-0.00047403179144610665,3.991043402623205e-06,1.2059497833251953
773,0.02065005911514163,-0.0010988626404732987,3.991043402623205e-06,1.2298846244812012
774,0.020629323553293943,-0.001004140556308771,3.991043402623205e-06,1.1936721801757812
775,0.020624496638774872,-0.00023398316995713108,3.991043402623205e-06,1.2002992630004883
776,0.020606736727058886,-0.0008611076443241396,3.991043402623205e-06,1.27742600440979
777,0.020582452565431595,-0.001178457411716387,3.991043402623205e-06,1.3854553699493408
778,0.020573175698518752,-0.0004507172740154012,3.991043402623205e-06,1.4182567596435547
779,0.020564226526767017,-0.00043499223857694676,3.991043402623205e-06,1.2292344570159912
780,0.020540254823863506,-0.001165699223956151,3.991043402623205e-06,1.237074613571167
781,0.020524296034127473,-0.0007769518865702027,3.991043402623205e-06,1.227576494216919
782,0.020517849288880827,-0.0003141031115477154,3.991043402623205e-06,1.2252027988433838
783,0.020503692552447318,-0.0006899717526037741,3.991043402623205e-06,1.2083609104156494
784,0.02047999070957303,-0.0011559792370891579,3.991043402623205e-06,1.2091310024261475
785,0.02047339966520667,-0.0003218284841934607,3.991043402623205e-06,1.2027826309204102
786,0.020456246454268693,-0.0008378291450602938,3.991043402623205e-06,1.2388832569122314
787,0.020435972260311245,-0.0009911003958019532,3.991043402623205e-06,1.4568743705749512
788,0.02041506750509143,-0.0010229391072532964,3.991043402623205e-06,1.4989800453186035
789,0.020410113129764797,-0.0002426822897057158,3.991043402623205e-06,1.2804512977600098
790,0.02038811895996332,-0.0010776113616636919,3.991043402623205e-06,1.2546837329864502
791,0.020365741569548845,-0.0010975701318213134,3.991043402623205e-06,1.2071096897125244
792,0.020360251329839228,-0.00026958211616640476,3.991043402623205e-06,1.2038791179656982
793,0.020344770774245263,-0.0007603322445866478,3.991043402623205e-06,1.1961710453033447
794,0.02031971385702491,-0.001231614624632396,3.991043402623205e-06,1.1989474296569824
795,0.020310114976018666,-0.00047239252844718036,3.991043402623205e-06,1.2193214893341064
796,0.02030086239799857,-0.0004555650241773575,3.991043402623205e-06,1.1944191455841064
797,0.020278397593647243,-0.0011065935974002357,3.991043402623205e-06,1.3167741298675537
798,0.020258747851476074,-0.000968998762373815,3.991043402623205e-06,1.3605432510375977
799,0.020259652230888606,4.4641426960957815e-05,3.991043402623205e-06,1.3729069232940674
800,0.020075251488015054,-0.00910187108702725,3.591939062360884e-06,1.2121648788452148
801,0.02004807772114873,-0.001353595340140498,3.591939062360884e-06,1.2043709754943848
802,0.0200369362719357,-0.0005557365333472346,3.591939062360884e-06,1.1969969272613525
803,0.02002364309504628,-0.0006634336062664233,3.591939062360884e-06,1.1940255165100098
804,0.020002609472721814,-0.0010504393343721758,3.591939062360884e-06,1.195453405380249
805,0.019990673568099738,-0.0005967173752181506,3.591939062360884e-06,1.2294292449951172
806,0.019982621977105736,-0.0004027673688219602,3.591939062360884e-06,1.2454042434692383
807,0.019965212447568773,-0.0008712334926271747,3.591939062360884e-06,1.3153510093688965
808,0.019949818439781667,-0.0007710415217234905,3.591939062360884e-06,1.3736393451690674
809,0.019942371733486654,-0.00037327188302445455,3.591939062360884e-06,1.4223954677581787
810,0.01992817347869277,-0.0007119642028356435,3.591939062360884e-06,1.2363615036010742
811,0.019910431783646345,-0.0008902820454365429,3.591939062360884e-06,1.1963086128234863
812,0.01990232031792402,-0.00040739778074455813,3.591939062360884e-06,1.37632155418396
813,0.019892485812306404,-0.0004941386461738583,3.591939062360884e-06,1.3806118965148926
814,0.01987303772941232,-0.0009776597594481757,3.591939062360884e-06,1.3581726551055908
815,0.019862674176692963,-0.0005214881016412285,3.591939062360884e-06,1.2515761852264404
816,0.01985634559765458,-0.00031861666672300924,3.591939062360884e-06,1.2523305416107178
817,0.019840530566871167,-0.0007964723773382027,3.591939062360884e-06,1.3297793865203857
818,0.019818679066374897,-0.001101356660933045,3.591939062360884e-06,1.3944432735443115
819,0.019817775376141072,-4.559790442129951e-05,3.591939062360884e-06,1.3118360042572021
820,0.019956647735089064,0.007007464577239162,3.951132968596973e-06,1.2207615375518799
821,0.019771608486771584,-0.00927206065736838,3.556019671737276e-06,1.205399990081787
822,0.019756378093734383,-0.0007703163375600708,3.556019671737276e-06,1.2214469909667969
823,0.019746017847210168,-0.0005244000937348355,3.556019671737276e-06,1.1983253955841064
824,0.01972371742129326,-0.0011293632006951475,3.556019671737276e-06,1.2096259593963623
825,0.019705782271921636,-0.0009093189173487407,3.556019671737276e-06,1.2304203510284424
826,0.019700929392129182,-0.00024626679243120277,3.556019671737276e-06,1.2231605052947998
827,0.019685185449197888,-0.000799147218789795,3.556019671737276e-06,1.2743234634399414
828,0.01966575629077852,-0.0009869939234004494,3.556019671737276e-06,1.3558073043823242
829,0.019657647470012307,-0.0004123320072879159,3.556019671737276e-06,1.42966628074646
830,0.019647016739472747,-0.000540793630355698,3.556019671737276e-06,1.2291674613952637
831,0.01962839231826365,-0.0009479516130140477,3.556019671737276e-06,1.2409119606018066
832,0.019615068761631847,-0.000678790010703275,3.556019671737276e-06,1.2154417037963867
833,0.01960774192586541,-0.00037353097536771635,3.556019671737276e-06,1.2309985160827637
834,0.019592185951769352,-0.0007933587740430818,3.556019671737276e-06,1.2420377731323242
835,0.019574803095310928,-0.0008872341504524664,3.556019671737276e-06,1.2336361408233643
836,0.019570420030504465,-0.0002239136089962709,3.556019671737276e-06,1.2405245304107666
837,0.01955601788125932,-0.0007359141614076509,3.556019671737276e-06,1.2540392875671387
838,0.01954071594402194,-0.0007824669280980885,3.556019671737276e-06,1.4383962154388428
839,0.01952887455932796,-0.0006059852017654806,3.556019671737276e-06,1.4479575157165527
840,0.019521868200972677,-0.0003587691822177605,3.556019671737276e-06,1.2323260307312012
841,0.019500291151925923,-0.0011052758283492295,3.556019671737276e-06,1.2337772846221924
842,0.01948580768890679,-0.0007427306036762519,3.556019671737276e-06,1.241666555404663
843,0.01947924779728055,-0.00033664971608930776,3.556019671737276e-06,1.2407042980194092
844,0.01946342288516462,-0.0008123985217816414,3.556019671737276e-06,1.2162840366363525
845,0.019442779440432788,-0.0010606276631623095,3.556019671737276e-06,1.1888771057128906
846,0.01943658983334899,-0.00031834990993750864,3.556019671737276e-06,1.2150421142578125
847,0.01942602062597871,-0.0005437788964475717,3.556019671737276e-06,1.269768476486206
848,0.019405145766213536,-0.0010745823947729456,3.556019671737276e-06,1.4274044036865234
849,0.019392124693840742,-0.0006710113147134836,3.556019671737276e-06,1.4020943641662598
850,0.019387340750545264,-0.0002466951595560423,3.556019671737276e-06,1.212256908416748
851,0.01936894374899566,-0.0009489182547682122,3.556019671737276e-06,1.2238130569458008
852,0.01935154041275382,-0.0008985175685040395,3.556019671737276e-06,1.2098944187164307
853,0.019345812322571872,-0.0002960017683229777,3.556019671737276e-06,1.225846290588379
854,0.019335903134196995,-0.0005122136103489174,3.556019671737276e-06,1.2180376052856445
855,0.019313624035567044,-0.0011522140173814389,3.556019671737276e-06,1.1927859783172607
856,0.0193070406652987,-0.00034086664709953563,3.556019671737276e-06,1.2200303077697754
857,0.01929636093787849,-0.0005531519617817719,3.556019671737276e-06,1.213609218597412
858,0.019281814452260734,-0.0007538460575330808,3.556019671737276e-06,1.4742283821105957
859,0.019261705176904797,-0.0010429140579961867,3.556019671737276e-06,1.4074506759643555
860,0.019257530039176345,-0.0002167584692064723,3.556019671737276e-06,1.221153974533081
861,0.019242004938423634,-0.0008061833849474613,3.556019671737276e-06,1.199052095413208
862,0.019222665540874005,-0.0010050614585910785,3.556019671737276e-06,1.2413265705108643
863,0.01921535731293261,-0.0003801880611123429,3.556019671737276e-06,1.4134571552276611
864,0.01920482184737921,-0.0005482836140814131,3.556019671737276e-06,1.4622445106506348
865,0.01918534013442695,-0.0010144177908589444,3.556019671737276e-06,1.2786986827850342
866,0.01917351273819804,-0.0006164809248122848,3.556019671737276e-06,1.2118208408355713
867,0.019168086545541883,-0.00028300461841546196,3.556019671737276e-06,1.2797367572784424
868,0.01914936543442309,-0.0009766812704186272,3.556019671737276e-06,1.3473873138427734
869,0.019132716525346042,-0.000869423539597771,3.556019671737276e-06,1.471081256866455
870,0.019129957454279065,-0.00014420696942442167,3.556019671737276e-06,1.220703125
871,0.019115621466189624,-0.0007493998940512089,3.556019671737276e-06,1.2204837799072266
872,0.019095535017549993,-0.0010507871101736828,3.556019671737276e-06,1.2114677429199219
873,0.019088440435007216,-0.00037153096450330905,3.556019671737276e-06,1.2050371170043945
874,0.019081972213461994,-0.0003388554223298312,3.556019671737276e-06,1.197937250137329
875,0.01906050220131874,-0.0011251463896434963,3.556019671737276e-06,1.2007951736450195
876,0.01904486338607967,-0.0008204828536987377,3.556019671737276e-06,1.2044661045074463
877,0.019042445747181773,-0.0001269444074702361,3.556019671737276e-06,1.2088828086853027
878,0.019024579608812927,-0.0009382270852204,3.556019671737276e-06,1.4542837142944336
879,0.01900497402064502,-0.0010305398895029247,3.556019671737276e-06,1.5126605033874512
880,0.01899930713698268,-0.00029817897441936504,3.556019671737276e-06,1.2371904850006104
881,0.01899007275700569,-0.00048603772287110004,3.556019671737276e-06,1.2598528861999512
882,0.018968620598316194,-0.00112965121113521,3.556019671737276e-06,1.2295379638671875
883,0.01895821870304644,-0.0005483738375091797,3.556019671737276e-06,1.2233428955078125
884,0.01895186741836369,-0.0003350148440753659,3.556019671737276e-06,1.2101435661315918
885,0.018935429286211728,-0.0008673621331919817,3.556019671737276e-06,1.218336582183838
886,0.01891730772331357,-0.0009570188573096513,3.556019671737276e-06,1.2544426918029785
887,0.018915018513798714,-0.00012101138007258374,3.556019671737276e-06,1.202951431274414
888,0.01889959543943405,-0.0008153877488099179,3.556019671737276e-06,1.463491678237915
889,0.018883329816162586,-0.0008606334100424909,3.556019671737276e-06,1.4231557846069336
890,0.018873376697301866,-0.0005270849451668671,3.556019671737276e-06,1.2079241275787354
891,0.018867035107687117,-0.0003360071552885374,3.556019671737276e-06,1.2323708534240723
892,0.018845717860385774,-0.0011298673681195961,3.556019671737276e-06,1.214406967163086
893,0.01883567432872951,-0.0005329344167556059,3.556019671737276e-06,1.2099640369415283
894,0.018827529130503534,-0.00043243464947529184,3.556019671737276e-06,1.2013733386993408
895,0.018812068533152343,-0.0008211697479805052,3.556019671737276e-06,1.1963539123535156
896,0.018792927004396914,-0.0010175132374037274,3.556019671737276e-06,1.209932804107666
897,0.018789742961525916,-0.0001694277251358069,3.556019671737276e-06,1.2315905094146729
898,0.01877677606418729,-0.0006901050943154384,3.556019671737276e-06,1.351881980895996
899,0.018756271339952946,-0.0010920258176509911,3.556019671737276e-06,1.3907387256622314
900,0.018747605849057436,-0.0004620049869427544,3.556019671737276e-06,1.3623158931732178
901,0.018742376901209355,-0.0002789128324000715,3.556019671737276e-06,1.2256073951721191
902,0.018723323317244647,-0.0010166044608503487,3.556019671737276e-06,1.235407829284668
903,0.01870720451697707,-0.0008608941903348471,3.556019671737276e-06,1.2489721775054932
904,0.018705060807988047,-0.00011459269540127609,3.556019671737276e-06,1.2321350574493408
905,0.01869111987762153,-0.0007453025953576924,3.556019671737276e-06,1.2363286018371582
906,0.018670963551849128,-0.0010783904819173077,3.556019671737276e-06,1.236689805984497
907,0.018664399180561304,-0.0003515818168459684,3.556019671737276e-06,1.269357442855835
908,0.018657613638788463,-0.000363555328365868,3.556019671737276e-06,1.4128913879394531
909,0.018636769577860833,-0.0011171879389921561,3.556019671737276e-06,1.3772978782653809
910,0.018624099874868988,-0.0006798229134568407,3.556019671737276e-06,1.3465793132781982
911,0.018618862852454187,-0.00028119600141683133,3.556019671737276e-06,1.241699457168579
912,0.01860463134944439,-0.0007643594091956638,3.556019671737276e-06,1.2481966018676758
913,0.018584181480109693,-0.001099181647332532,3.556019671737276e-06,1.2354493141174316
914,0.01858121854253113,-0.0001594333106213632,3.556019671737276e-06,1.2478532791137695
915,0.018568345634266733,-0.0006927913922831862,3.556019671737276e-06,1.255575180053711
916,0.01855087623000145,-0.0009408164092467593,3.556019671737276e-06,1.2460753917694092
917,0.01854035124182701,-0.0005673580074572373,3.556019671737276e-06,1.2532708644866943
918,0.018534750491380692,-0.00030208437657223833,3.556019671737276e-06,1.4132094383239746
919,0.018515622159466148,-0.00103202532580301,3.556019671737276e-06,1.4119064807891846
920,0.018503182465210558,-0.0006718485691948625,3.556019671737276e-06,1.4444284439086914
921,0.018497918313369156,-0.00028449980706289336,3.556019671737276e-06,1.245582103729248
922,0.018483649054542185,-0.0007713980884356113,3.556019671737276e-06,1.2435238361358643
923,0.01846446329727769,-0.0010379853679260843,3.556019671737276e-06,1.2413661479949951
924,0.01846231548115611,-0.000116321611248467,3.556019671737276e-06,1.2432243824005127
925,0.01844955012202263,-0.0006914278518591276,3.556019671737276e-06,1.242424726486206
926,0.018430590638890864,-0.0010276393194615006,3.556019671737276e-06,1.2402713298797607
927,0.018420022511854768,-0.000573401430434673,3.556019671737276e-06,1.2389247417449951
928,0.01841580188833177,-0.00022913237593928217,3.556019671737276e-06,1.3211255073547363
929,0.01839702082797885,-0.0010198339701309813,3.556019671737276e-06,1.4910907745361328
930,0.018379400055855512,-0.0009578057386627855,3.556019671737276e-06,1.4245939254760742
931,0.01837896746583283,-2.353667809433191e-05,3.556019671737276e-06,1.2300915718078613
932,0.018514744974672794,0.007387657064651683,3.911621638911004e-06,1.2367384433746338
933,0.018334552831947803,-0.009732358883229781,3.5204594750199036e-06,1.237997055053711
934,0.01832346269860864,-0.0006048761287398271,3.5204594750199036e-06,1.2747368812561035
935,0.018319079177454112,-0.00023922995487413,3.5204594750199036e-06,1.24064040184021
936,0.01829599427059293,-0.0012601565088268367,3.5204594750199036e-06,1.2382071018218994
937,0.018282673275098204,-0.0007280826227704016,3.5204594750199036e-06,1.2662763595581055
938,0.01827888360247016,-0.0002072821939669955,3.5204594750199036e-06,1.3038475513458252
939,0.018266235645860433,-0.0006919436046968041,3.5204594750199036e-06,1.5721023082733154
940,0.018245428018271923,-0.0011391305790597092,3.5204594750199036e-06,1.2933933734893799
941,0.018241657558828592,-0.000206652287880275,3.5204594750199036e-06,1.20607328414917
942,0.018232149658724665,-0.0005212190873151294,3.5204594750199036e-06,1.2177510261535645
943,0.01821467896923423,-0.000958235305076891,3.5204594750199036e-06,1.212181806564331
944,0.018203168800100686,-0.000631917211002439,3.5204594750199036e-06,1.2041826248168945
945,0.018198095383122562,-0.0002787106483402702,3.5204594750199036e-06,1.2136733531951904
946,0.01818317111581564,-0.0008201005101206257,3.5204594750199036e-06,1.218963861465454
947,0.01816705608740449,-0.000886260614746799,3.5204594750199036e-06,1.2179527282714844
948,0.018163761785253883,-0.00018133384598793183,3.5204594750199036e-06,1.3457155227661133
949,0.01815016149543226,-0.0007487595346392044,3.5204594750199036e-06,1.577657699584961
950,0.018133626701310277,-0.00091099983469256,3.5204594750199036e-06,1.2476506233215332
951,0.018125921105965972,-0.0004249340449778055,3.5204594750199036e-06,1.224111557006836
952,0.01811915634199977,-0.0003732093903893041,3.5204594750199036e-06,1.2208211421966553
953,0.018099615061655642,-0.00107848731890632,3.5204594750199036e-06,1.1950266361236572
954,0.01808953784406185,-0.0005567641941258558,3.5204594750199036e-06,1.206261396408081
955,0.018084203209728002,-0.000294901637611472,3.5204594750199036e-06,1.2146296501159668
956,0.018069588160142303,-0.0008081666311865681,3.5204594750199036e-06,1.2380638122558594
957,0.018050653617829083,-0.0010478679505815157,3.5204594750199036e-06,1.243962049484253
958,0.01804986970499158,-4.3428501488164395e-05,3.5204594750199036e-06,1.3610398769378662
959,0.018184610866010188,0.00746493815306307,3.8725054225218944e-06,1.4934649467468262
960,0.01800898440182209,-0.009657972088716427,3.485254880269705e-06,1.3260400295257568
961,0.017998949009925127,-0.0005572436331251104,3.485254880269705e-06,1.2353861331939697
962,0.017991529628634453,-0.0004122119178504786,3.485254880269705e-06,1.2131195068359375
963,0.01797151118516922,-0.0011126593390576982,3.485254880269705e-06,1.2804033756256104
964,0.017955375192686914,-0.000897865088586494,3.485254880269705e-06,1.4658119678497314
965,0.017954110195860268,-7.045226362975564e-05,3.485254880269705e-06,1.4177861213684082
966,0.018081811368465425,0.007112642799452194,3.833780368296676e-06,1.224550724029541
967,0.01791075478307903,-0.009460146547304248,3.4504023314670088e-06,1.2060277462005615
968,0.017903364533558487,-0.00041261519182454813,3.4504023314670088e-06,1.4415135383605957
969,0.017894775746390222,-0.00047973034075052875,3.4504023314670088e-06,1.4423003196716309
970,0.01787492411211133,-0.0011093536214275069,3.4504023314670088e-06,1.269434928894043
971,0.01786289750598371,-0.0006728199824620994,3.4504023314670088e-06,1.2099599838256836
972,0.01786091463640332,-0.00011100492401771377,3.4504023314670088e-06,1.222949743270874
973,0.01784508186392486,-0.0008864480235625988,3.4504023314670088e-06,1.216040849685669
974,0.017829439379274847,-0.0008765711902749369,3.4504023314670088e-06,1.2283804416656494
975,0.017825663946568968,-0.0002117527436262343,3.4504023314670088e-06,1.227518081665039
976,0.017817354146391153,-0.00046617058431721567,3.4504023314670088e-06,1.2034423351287842
977,0.017797840209677816,-0.001095220791651049,3.4504023314670088e-06,1.2016186714172363
978,0.017791508799418806,-0.0003557403698661319,3.4504023314670088e-06,1.282679557800293
979,0.017784960679709912,-0.00036804746481692793,3.4504023314670088e-06,1.4389448165893555
980,0.01777173249050975,-0.000743785124881074,3.4504023314670088e-06,1.3734290599822998
981,0.017753840396180748,-0.0010067726564394319,3.4504023314670088e-06,1.216972827911377
982,0.017753956262022256,6.526241022926838e-06,3.4504023314670088e-06,1.27022123336792
983,0.017618055259808897,-0.0076546883527062945,3.105362098320308e-06,1.2019281387329102
984,0.017592247277498245,-0.001464859879826039,3.105362098320308e-06,1.2090561389923096
985,0.017584505202248694,-0.0004400844944610274,3.105362098320308e-06,1.223600149154663
986,0.017574761416763066,-0.0005541120079046329,3.105362098320308e-06,1.2192058563232422
987,0.017560422718524933,-0.0008158687277800922,3.105362098320308e-06,1.205657720565796
988,0.017552317325025796,-0.0004615716619729646,3.105362098320308e-06,1.2542686462402344
989,0.017545470809563993,-0.000390063336653639,3.105362098320308e-06,1.4986236095428467
990,0.017531568948179484,-0.0007923333340779423,3.105362098320308e-06,1.4358854293823242
991,0.017521774312481284,-0.0005586856331655649,3.105362098320308e-06,1.2153351306915283
992,0.01751696301624179,-0.0002745895566105944,3.105362098320308e-06,1.2028107643127441
993,0.01750487112440169,-0.0006902961334615436,3.105362098320308e-06,1.2235288619995117
994,0.01749217649921775,-0.0007252052924996232,3.105362098320308e-06,1.2228446006774902
995,0.017487369170412423,-0.00027482736671109704,3.105362098320308e-06,1.200763463973999
996,0.01747811120003462,-0.0005294089858563999,3.105362098320308e-06,1.21348237991333
997,0.017464587008580567,-0.0007737787738771574,3.105362098320308e-06,1.2100284099578857
998,0.017456695903092623,-0.00045183464596484446,3.105362098320308e-06,1.1987004280090332
999,0.01745284111239016,-0.00022082017833512107,3.105362098320308e-06,1.3564519882202148
